item,category,downloads,language,price,rating
0,21,32,56,76,79
1,18,32,56,76,81
2,27,32,56,76,81
3,24,43,56,76,79
4,23,34,56,76,79
5,8,39,56,76,79
6,31,47,74,78,82
7,14,45,56,76,79
8,31,47,74,78,82
9,29,39,56,76,79
10,10,37,56,76,81
11,24,39,56,76,81
12,24,41,56,76,81
13,14,34,56,76,81
14,24,36,56,76,81
15,18,34,56,77,79
16,24,39,56,76,80
17,27,39,56,76,79
18,0,32,56,76,79
19,27,39,56,76,80
20,19,32,56,76,79
21,8,39,56,76,79
22,18,42,59,76,80
23,0,36,56,76,79
24,19,37,56,76,79
25,8,36,56,76,81
26,18,32,56,76,79
27,3,41,56,76,80
28,8,36,56,76,79
29,6,32,56,76,79
30,0,43,56,76,79
31,21,43,56,76,79
32,31,47,74,78,82
33,19,32,56,76,79
34,27,36,56,76,79
35,31,47,74,78,82
36,23,37,56,76,79
37,4,37,56,76,81
38,31,47,74,78,82
39,8,36,56,76,81
40,6,36,56,76,79
41,8,36,56,76,79
42,1,41,56,76,81
43,10,36,56,76,81
44,8,36,56,76,79
45,24,41,56,76,80
46,31,47,74,78,82
47,3,32,56,76,79
48,10,36,56,76,79
49,29,36,56,76,79
50,10,45,56,76,81
51,6,32,56,76,79
52,28,34,56,76,79
53,19,45,56,76,79
54,31,47,74,78,82
55,3,32,56,76,79
56,31,47,74,78,82
57,27,41,56,76,79
58,19,43,56,76,79
59,8,44,56,76,81
60,5,36,56,76,79
61,10,34,56,76,81
62,31,47,74,78,82
63,27,42,56,76,79
64,28,37,56,76,79
65,15,39,56,76,81
66,17,43,56,76,79
67,14,34,56,76,79
68,18,42,56,76,80
69,27,43,56,76,79
70,18,32,56,76,81
71,8,36,56,76,79
72,27,37,56,77,79
73,0,39,56,76,79
74,8,45,56,76,80
75,1,37,56,76,79
76,14,45,56,76,79
77,21,32,56,77,79
78,17,36,56,76,81
79,27,36,56,76,79
80,31,47,74,78,82
81,28,45,56,76,79
82,10,32,56,76,80
83,8,41,56,76,81
84,3,34,56,76,79
85,17,37,56,76,81
86,8,42,56,76,81
87,21,32,56,76,79
88,21,36,56,76,81
89,17,36,56,76,81
90,31,47,74,78,82
91,31,47,74,78,82
92,3,36,56,76,79
93,24,37,56,76,79
94,1,41,56,76,79
95,20,34,56,77,79
96,8,37,56,76,79
97,0,36,56,76,79
98,31,47,74,78,82
99,18,37,56,76,79
100,3,36,56,76,81
101,28,34,56,76,79
102,31,47,74,78,82
103,8,43,56,76,79
104,20,32,56,77,79
105,19,45,56,77,79
106,24,43,56,76,81
107,18,34,56,76,80
108,0,36,56,76,79
109,8,45,56,76,79
110,30,36,56,76,79
111,24,41,56,76,81
112,29,42,56,76,81
113,21,32,56,76,79
114,21,41,56,76,81
115,0,37,56,76,81
116,27,45,56,77,79
117,17,42,56,76,81
118,17,32,56,76,79
119,21,37,56,76,79
120,0,32,56,76,79
121,19,45,56,77,81
122,19,37,56,76,81
123,3,37,56,77,79
124,8,37,56,76,81
125,27,37,56,76,81
126,21,37,56,76,81
127,19,40,56,77,81
128,30,36,56,76,79
129,3,36,56,76,79
130,31,47,74,78,82
131,15,42,56,76,81
132,24,32,56,76,81
133,27,45,56,76,79
134,0,37,56,76,79
135,0,41,56,76,80
136,8,36,56,76,79
137,8,36,56,76,79
138,29,37,56,76,81
139,29,32,56,76,80
140,21,34,56,76,79
141,27,41,56,76,79
142,21,37,56,76,81
143,18,41,56,76,79
144,18,34,56,76,80
145,14,41,56,76,79
146,29,41,56,76,79
147,31,47,74,78,82
148,24,41,56,76,79
149,6,36,56,76,79
150,22,34,56,77,79
151,6,45,56,76,81
152,6,45,56,76,81
153,8,34,56,77,79
154,23,36,56,76,79
155,18,45,56,76,79
156,31,47,74,78,82
157,8,37,56,76,79
158,27,32,56,76,80
159,27,37,56,76,79
160,8,43,56,76,79
161,8,45,56,76,79
162,0,36,56,76,79
163,8,32,56,76,79
164,15,37,56,76,80
165,31,47,74,78,82
166,21,36,56,76,81
167,21,36,56,76,79
168,24,32,56,76,81
169,0,32,56,76,81
170,19,32,56,77,79
171,27,32,56,76,81
172,19,37,56,76,79
173,31,47,74,78,82
174,4,37,56,76,79
175,19,37,56,77,79
176,12,45,56,76,79
177,8,41,56,76,79
178,19,32,56,76,79
179,18,45,56,76,81
180,15,45,56,76,81
181,0,45,56,76,79
182,10,45,56,76,81
183,0,37,56,77,80
184,18,32,56,76,81
185,18,42,56,76,79
186,24,42,75,76,81
187,8,34,56,77,81
188,31,47,74,78,82
189,17,37,56,76,79
190,20,32,56,77,79
191,21,32,56,76,79
192,31,47,74,78,82
193,19,41,56,76,79
194,27,37,56,76,79
195,18,33,56,76,79
196,21,34,56,76,81
197,27,37,56,76,79
198,8,39,56,76,81
199,27,34,56,76,79
200,21,32,56,76,79
201,18,37,56,76,80
202,8,32,56,76,80
203,18,32,56,76,81
204,0,32,56,76,79
205,24,41,56,76,79
206,29,35,56,76,80
207,18,41,56,76,79
208,31,47,74,78,82
209,13,37,56,76,81
210,19,37,56,77,79
211,10,32,56,76,80
212,18,45,59,76,80
213,1,32,56,76,79
214,29,45,56,76,80
215,0,32,56,76,79
216,27,37,56,76,79
217,31,47,74,78,82
218,27,45,56,76,79
219,18,32,56,76,79
220,23,32,56,76,79
221,17,36,56,76,79
222,20,37,56,76,80
223,31,47,74,78,82
224,31,47,74,78,82
225,27,36,56,76,79
226,31,47,74,78,82
227,18,42,56,76,79
228,24,37,56,76,81
229,27,37,56,76,79
230,21,36,56,76,79
231,24,32,56,76,81
232,27,36,56,76,79
233,3,37,56,76,81
234,3,34,56,76,81
235,27,43,56,76,79
236,21,37,56,76,79
237,24,36,56,76,79
238,4,40,56,76,79
239,8,32,56,76,81
240,8,36,56,76,79
241,30,37,56,77,79
242,24,34,56,76,79
243,18,34,56,76,79
244,8,36,56,76,81
245,31,47,74,78,82
246,6,34,56,76,79
247,24,37,56,76,81
248,3,37,56,76,79
249,15,37,56,76,79
250,6,32,56,76,80
251,31,47,74,78,82
252,9,37,56,76,79
253,1,43,56,76,80
254,18,34,56,77,79
255,27,45,56,76,79
256,8,45,56,76,79
257,27,33,56,76,81
258,24,32,56,76,79
259,23,32,56,76,79
260,23,36,56,76,81
261,21,45,56,76,81
262,27,45,56,76,79
263,20,34,56,76,79
264,29,32,56,76,80
265,21,45,56,76,79
266,17,32,57,76,79
267,19,34,56,76,81
268,5,32,56,76,81
269,18,37,56,76,81
270,21,36,56,76,79
271,17,43,56,76,79
272,8,32,56,76,79
273,21,41,56,76,79
274,21,45,56,76,79
275,31,47,74,78,82
276,0,45,56,76,80
277,6,37,56,76,81
278,23,36,56,76,79
279,27,42,56,76,81
280,0,36,56,76,79
281,18,34,51,76,81
282,4,37,56,76,79
283,19,42,56,76,79
284,14,32,56,76,79
285,21,37,56,76,79
286,18,45,56,76,79
287,20,37,56,76,79
288,27,45,56,76,79
289,6,36,56,76,81
290,12,32,56,76,79
291,23,37,57,76,80
292,18,37,59,76,80
293,8,45,56,76,81
294,23,37,56,76,79
295,21,45,56,76,79
296,18,34,56,76,79
297,21,45,56,76,79
298,29,42,56,76,80
299,18,37,56,76,79
300,15,32,56,76,79
301,17,32,56,76,79
302,25,37,56,76,80
303,19,36,56,76,79
304,8,43,56,76,79
305,20,41,56,76,79
306,25,37,56,76,81
307,27,32,56,76,79
308,18,45,65,76,80
309,29,32,56,76,81
310,8,32,56,76,79
311,17,32,56,76,79
312,17,36,56,76,79
313,21,36,56,76,79
314,27,41,56,76,79
315,29,37,56,76,81
316,17,41,56,76,81
317,24,41,56,76,81
318,11,45,56,76,81
319,21,32,56,76,79
320,31,47,74,78,82
321,15,32,56,76,79
322,31,47,74,78,82
323,21,34,56,76,80
324,18,32,54,76,80
325,20,34,56,76,81
326,27,42,56,76,81
327,27,45,56,76,79
328,6,41,56,76,79
329,10,41,56,76,80
330,15,42,56,77,79
331,3,42,56,77,79
332,31,47,74,78,82
333,17,41,56,76,80
334,4,41,56,76,79
335,10,45,57,76,81
336,17,36,56,76,81
337,6,41,56,76,81
338,3,34,56,77,79
339,31,47,74,78,82
340,0,41,56,76,79
341,24,34,56,76,81
342,20,32,56,76,79
343,31,47,74,78,82
344,0,32,56,76,79
345,8,32,56,76,79
346,23,37,56,76,79
347,27,36,56,76,81
348,15,36,56,76,79
349,24,41,56,76,81
350,1,36,56,76,79
351,8,32,56,76,81
352,24,32,56,76,79
353,15,37,56,76,79
354,31,47,74,78,82
355,9,32,56,76,79
356,6,37,56,76,79
357,19,41,56,76,79
358,18,40,56,76,79
359,3,36,56,76,81
360,1,36,56,76,79
361,10,32,56,76,81
362,8,42,56,76,79
363,10,32,56,76,79
364,28,32,56,76,79
365,23,34,56,76,80
366,15,37,56,76,79
367,14,41,56,76,80
368,18,32,56,76,81
369,14,32,56,76,79
370,3,41,56,76,79
371,27,37,56,76,79
372,21,36,56,76,79
373,18,42,56,76,80
374,18,32,56,76,79
375,8,45,56,76,81
376,27,34,56,76,80
377,8,36,56,76,79
378,24,45,56,76,81
379,10,32,56,76,79
380,6,37,56,77,81
381,8,37,56,76,81
382,8,41,56,76,81
383,31,47,74,78,82
384,21,37,56,76,79
385,25,32,56,76,81
386,27,34,56,76,81
387,1,37,56,77,79
388,14,45,56,76,79
389,28,34,56,76,80
390,3,36,56,76,79
391,21,32,56,76,79
392,19,34,56,77,81
393,24,45,56,76,81
394,11,34,56,76,81
395,24,36,56,76,81
396,28,37,56,76,79
397,8,32,56,76,79
398,19,34,56,76,81
399,31,47,74,78,82
400,19,45,56,76,79
401,17,32,56,76,79
402,7,37,56,76,79
403,17,45,56,77,79
404,31,47,74,78,82
405,19,36,56,76,79
406,2,35,56,76,79
407,25,36,56,76,81
408,27,42,56,77,81
409,21,32,56,76,81
410,27,32,56,76,79
411,31,47,74,78,82
412,3,36,56,76,79
413,21,32,56,76,79
414,28,42,56,76,79
415,10,36,56,76,79
416,21,32,56,76,79
417,21,34,56,76,79
418,20,36,56,76,79
419,6,40,56,76,79
420,1,32,56,76,81
421,3,36,56,76,79
422,18,37,56,76,79
423,21,34,56,76,81
424,31,47,74,78,82
425,31,47,74,78,82
426,31,47,74,78,82
427,27,40,56,76,79
428,27,37,56,76,79
429,21,36,56,76,79
430,24,37,56,77,79
431,6,42,56,76,79
432,31,47,74,78,82
433,8,36,56,76,79
434,8,36,56,76,81
435,28,37,56,76,79
436,25,32,56,76,79
437,27,34,56,76,80
438,18,37,56,76,81
439,3,45,56,76,79
440,27,37,56,76,80
441,8,34,56,76,79
442,8,36,56,76,81
443,11,37,56,76,81
444,11,45,56,76,81
445,6,32,56,76,79
446,27,36,56,76,79
447,21,32,56,76,79
448,29,32,56,76,79
449,18,34,56,76,79
450,17,45,56,77,79
451,6,41,56,76,79
452,28,37,56,76,81
453,12,37,56,76,79
454,15,45,56,76,79
455,20,34,56,76,81
456,31,47,74,78,82
457,3,37,56,76,79
458,27,32,56,76,79
459,30,34,56,77,79
460,29,32,48,76,81
461,31,47,74,78,82
462,21,37,56,76,79
463,17,36,56,76,79
464,15,45,56,76,81
465,14,32,56,76,81
466,6,45,56,76,79
467,19,45,56,77,79
468,20,37,56,76,79
469,21,32,56,76,79
470,31,47,74,78,82
471,31,47,74,78,82
472,21,32,56,76,79
473,3,45,75,76,79
474,27,32,56,76,81
475,21,41,56,76,79
476,27,41,56,76,79
477,11,34,56,76,79
478,4,32,56,76,79
479,23,36,56,76,81
480,24,42,56,76,80
481,18,34,56,77,79
482,31,47,74,78,82
483,27,45,56,76,79
484,31,47,74,78,82
485,19,34,56,77,79
486,31,47,74,78,82
487,3,41,56,76,79
488,31,47,74,78,82
489,18,34,55,76,79
490,1,36,56,76,81
491,27,45,56,76,79
492,31,47,74,78,82
493,10,42,56,76,79
494,5,36,56,76,79
495,24,32,56,76,81
496,24,42,56,76,79
497,31,47,74,78,82
498,21,32,56,76,79
499,11,42,66,76,81
500,21,37,56,76,79
501,21,37,56,76,79
502,20,34,56,76,80
503,21,37,56,76,80
504,15,34,56,76,79
505,15,32,56,76,81
506,21,41,56,76,79
507,27,42,56,76,79
508,6,36,56,76,79
509,1,32,56,76,79
510,24,32,56,76,81
511,27,40,56,76,80
512,27,34,56,77,81
513,19,45,56,76,79
514,31,47,74,78,82
515,10,42,57,76,81
516,8,34,56,77,79
517,29,41,56,76,79
518,0,37,56,76,79
519,31,47,74,78,82
520,8,45,56,76,81
521,21,32,56,76,79
522,11,37,56,76,80
523,11,32,56,76,79
524,21,36,56,76,79
525,31,47,74,78,82
526,18,42,58,76,80
527,8,37,56,76,81
528,31,47,74,78,82
529,11,45,56,76,81
530,27,34,56,76,81
531,3,41,56,76,79
532,23,43,56,76,81
533,27,37,56,76,79
534,8,32,56,76,79
535,20,36,56,76,79
536,31,47,74,78,82
537,27,41,56,76,79
538,31,47,74,78,82
539,24,34,56,76,79
540,17,36,56,76,81
541,12,36,56,76,79
542,0,32,56,76,79
543,24,45,56,76,81
544,15,32,56,76,79
545,11,42,66,76,79
546,1,41,56,76,79
547,12,37,56,77,79
548,28,37,56,76,79
549,18,32,56,76,79
550,12,41,56,76,79
551,31,47,74,78,82
552,20,34,56,76,81
553,20,37,56,76,81
554,15,32,56,76,79
555,12,42,56,76,79
556,3,42,56,76,80
557,27,37,56,76,79
558,22,41,56,76,79
559,19,45,56,76,79
560,3,32,56,76,79
561,8,45,56,76,81
562,31,47,74,78,82
563,18,45,54,76,81
564,4,32,56,76,79
565,30,37,56,76,81
566,28,37,56,76,79
567,27,34,62,76,79
568,11,45,56,76,79
569,19,34,56,76,81
570,27,36,56,76,81
571,9,45,57,76,79
572,31,47,74,78,82
573,3,32,56,76,80
574,15,45,56,76,79
575,29,37,56,76,79
576,18,42,58,76,80
577,31,47,74,78,82
578,20,37,56,76,80
579,27,32,56,76,79
580,12,32,56,76,79
581,6,42,56,76,81
582,27,37,56,76,79
583,31,47,74,78,82
584,17,45,56,77,79
585,18,45,56,76,79
586,18,37,56,76,81
587,31,47,74,78,82
588,0,41,56,76,79
589,27,32,57,76,80
590,8,37,56,76,79
591,18,32,75,76,80
592,27,36,56,76,79
593,31,47,74,78,82
594,5,34,56,76,79
595,6,45,56,76,80
596,0,42,56,77,79
597,31,47,74,78,82
598,27,37,56,76,79
599,30,34,56,76,81
600,24,41,56,76,81
601,18,32,56,76,79
602,13,45,56,76,81
603,21,40,56,76,79
604,31,47,74,78,82
605,18,32,56,76,81
606,21,42,56,77,79
607,8,41,56,76,79
608,27,37,56,76,79
609,31,47,74,78,82
610,11,32,56,76,80
611,31,47,74,78,82
612,31,47,74,78,82
613,21,43,56,76,79
614,27,32,56,76,79
615,30,32,56,76,79
616,31,47,74,78,82
617,23,45,56,76,79
618,8,40,56,76,81
619,27,42,56,76,79
620,31,47,74,78,82
621,27,42,56,76,81
622,31,47,74,78,82
623,21,36,56,76,79
624,10,37,56,76,80
625,21,37,56,77,79
626,4,34,56,76,80
627,21,37,56,76,79
628,31,47,74,78,82
629,20,36,56,76,79
630,17,34,56,76,79
631,12,32,56,76,79
632,10,45,56,76,81
633,1,41,56,76,79
634,31,47,74,78,82
635,21,37,56,76,81
636,15,34,56,76,80
637,6,37,56,76,79
638,6,45,56,76,81
639,21,34,56,76,81
640,31,47,74,78,82
641,3,37,56,76,81
642,3,42,56,76,79
643,31,47,74,78,82
644,19,37,56,76,79
645,18,34,49,76,79
646,18,42,56,76,80
647,13,32,56,76,81
648,19,34,56,76,81
649,9,37,56,76,79
650,8,34,56,76,79
651,31,47,74,78,82
652,4,45,56,77,79
653,31,47,74,78,82
654,24,41,56,76,81
655,10,32,56,76,79
656,27,34,56,76,81
657,23,37,56,76,79
658,31,47,74,78,82
659,20,45,56,76,81
660,0,41,56,76,79
661,0,32,56,76,79
662,8,37,56,76,81
663,27,45,56,76,79
664,0,37,56,77,79
665,15,32,56,76,79
666,19,36,56,76,81
667,8,32,56,76,81
668,18,34,56,76,79
669,15,32,56,76,81
670,27,40,56,76,79
671,28,45,56,76,80
672,24,40,56,76,81
673,19,32,56,76,79
674,20,32,56,76,81
675,10,36,56,76,79
676,18,37,56,76,79
677,18,32,56,76,81
678,31,47,74,78,82
679,21,37,56,76,79
680,24,41,56,76,79
681,31,47,74,78,82
682,18,34,56,76,79
683,12,34,56,76,81
684,18,37,56,76,79
685,0,36,56,76,79
686,18,41,56,76,80
687,21,38,56,77,79
688,1,41,56,76,79
689,0,43,56,76,79
690,8,40,56,77,79
691,0,37,56,76,79
692,31,47,74,78,82
693,31,47,74,78,82
694,31,47,74,78,82
695,26,32,56,76,79
696,0,32,56,76,81
697,17,37,56,76,79
698,12,41,56,76,79
699,27,32,56,76,79
700,14,45,56,76,80
701,29,39,56,76,79
702,30,45,56,76,79
703,0,45,56,76,79
704,27,42,56,76,79
705,31,47,74,78,82
706,21,40,56,76,79
707,11,41,56,76,81
708,4,32,56,76,81
709,18,42,56,76,80
710,14,34,67,76,80
711,31,47,74,78,82
712,21,36,56,76,81
713,17,32,69,76,79
714,21,37,56,76,79
715,5,32,56,76,79
716,3,37,56,76,81
717,8,36,56,76,79
718,27,34,56,77,81
719,0,36,56,76,79
720,21,46,56,77,79
721,18,42,51,76,81
722,29,37,56,76,81
723,21,45,56,76,79
724,31,47,74,78,82
725,0,32,56,76,79
726,24,32,56,76,81
727,31,47,74,78,82
728,3,45,56,76,81
729,31,47,74,78,82
730,19,37,56,76,79
731,27,32,56,76,79
732,27,37,56,77,79
733,15,37,56,76,79
734,27,34,56,76,79
735,3,45,56,76,79
736,27,34,56,76,81
737,21,34,56,76,81
738,18,37,65,76,81
739,31,47,74,78,82
740,9,37,56,76,81
741,10,45,56,76,79
742,8,42,56,76,81
743,27,42,56,76,81
744,4,34,56,76,81
745,20,37,56,76,81
746,24,32,56,76,79
747,30,45,56,76,79
748,19,42,56,76,79
749,18,36,56,76,79
750,7,34,75,76,79
751,27,37,56,76,80
752,12,42,56,76,81
753,31,47,74,78,82
754,18,40,56,77,79
755,21,36,56,76,79
756,6,45,56,76,79
757,9,37,56,76,79
758,11,41,56,76,81
759,4,41,56,76,79
760,21,41,56,76,79
761,27,37,56,76,79
762,27,36,56,76,79
763,28,42,56,76,81
764,27,42,56,76,79
765,14,34,56,76,79
766,8,42,56,76,81
767,25,32,56,76,81
768,11,32,56,76,81
769,31,47,74,78,82
770,18,40,51,76,80
771,0,45,56,76,81
772,31,47,74,78,82
773,23,32,56,76,79
774,10,32,56,76,79
775,0,32,56,76,79
776,14,37,56,76,79
777,27,36,56,76,79
778,3,45,56,76,81
779,31,47,74,78,82
780,18,32,56,76,79
781,0,32,56,76,79
782,14,34,56,76,79
783,31,47,74,78,82
784,10,32,56,76,80
785,3,36,56,76,79
786,15,45,56,76,79
787,19,32,56,76,79
788,6,45,56,76,81
789,17,37,56,77,79
790,27,41,56,76,79
791,14,32,56,76,79
792,30,37,51,76,79
793,21,37,56,76,81
794,21,32,56,76,79
795,24,32,56,76,80
796,18,37,56,76,79
797,0,34,56,76,79
798,3,34,56,76,79
799,10,42,56,76,80
800,10,45,56,76,80
801,18,40,56,76,81
802,8,32,56,76,81
803,30,37,56,77,79
804,8,42,56,76,80
805,31,47,74,78,82
806,18,37,56,76,81
807,0,34,56,76,81
808,18,42,59,76,80
809,25,37,65,76,80
810,31,47,74,78,82
811,31,47,74,78,82
812,29,36,56,76,81
813,24,32,56,76,79
814,31,47,74,78,82
815,5,45,56,76,81
816,17,42,56,77,79
817,8,37,56,76,81
818,16,37,56,76,80
819,19,46,56,77,79
820,31,47,74,78,82
821,15,34,56,76,79
822,21,42,56,76,79
823,31,47,74,78,82
824,18,32,56,76,79
825,12,34,56,76,79
826,24,37,56,76,79
827,18,32,75,76,81
828,17,32,56,76,80
829,18,42,56,76,79
830,3,36,56,76,79
831,8,32,56,76,79
832,31,47,74,78,82
833,25,34,56,77,79
834,18,37,56,76,81
835,31,47,74,78,82
836,24,37,56,76,79
837,12,32,56,76,79
838,27,32,56,76,79
839,27,32,56,76,81
840,1,45,56,76,81
841,6,45,56,76,79
842,29,45,56,76,79
843,21,41,56,76,79
844,21,37,56,77,81
845,3,36,56,76,81
846,30,37,56,76,79
847,6,32,56,76,81
848,18,37,56,76,79
849,14,40,56,76,79
850,0,32,56,76,81
851,28,42,56,76,80
852,8,37,56,76,81
853,1,37,56,76,79
854,14,37,54,76,81
855,17,32,56,76,79
856,27,37,56,76,79
857,24,34,56,76,80
858,3,45,56,76,81
859,21,34,56,76,79
860,24,37,58,76,81
861,21,37,56,76,79
862,17,45,56,76,81
863,12,42,56,76,81
864,21,45,56,76,79
865,31,47,74,78,82
866,10,40,57,76,79
867,9,34,56,77,79
868,8,37,56,76,80
869,3,37,56,76,79
870,27,34,56,76,81
871,25,37,51,76,79
872,29,42,56,76,80
873,3,32,49,76,79
874,29,37,56,76,80
875,20,42,56,76,81
876,31,47,74,78,82
877,21,34,56,76,79
878,31,47,74,78,82
879,27,37,56,76,80
880,30,45,56,76,79
881,27,36,56,76,79
882,10,40,56,76,81
883,24,34,56,76,81
884,31,47,74,78,82
885,6,32,56,76,79
886,12,32,56,76,81
887,5,42,56,76,79
888,9,40,56,76,79
889,27,36,56,76,81
890,14,32,56,76,81
891,0,37,56,76,79
892,27,34,56,77,79
893,12,40,56,76,80
894,3,36,56,76,79
895,19,45,56,76,79
896,8,45,56,76,79
897,24,42,56,76,81
898,1,42,56,76,79
899,18,32,56,76,79
900,17,37,58,76,81
901,21,37,56,76,79
902,15,32,56,76,81
903,14,45,56,76,81
904,26,42,56,76,81
905,11,40,56,76,80
906,24,42,56,76,80
907,14,37,56,76,81
908,6,36,56,76,79
909,14,34,75,76,81
910,27,37,56,76,79
911,31,47,74,78,82
912,29,37,56,76,79
913,21,40,56,77,79
914,27,32,56,76,79
915,31,47,74,78,82
916,10,32,56,76,81
917,28,34,58,76,80
918,0,45,56,76,79
919,27,34,56,76,81
920,27,37,56,76,79
921,27,37,56,76,79
922,23,37,56,76,79
923,14,34,56,76,81
924,24,34,56,76,79
925,15,42,56,76,79
926,8,37,56,76,79
927,24,45,56,76,81
928,27,37,56,76,79
929,15,32,56,76,80
930,27,40,56,76,79
931,31,47,74,78,82
932,8,32,56,76,81
933,18,40,56,76,80
934,29,37,56,76,80
935,18,45,56,76,81
936,14,32,56,76,79
937,18,37,56,76,79
938,27,40,56,76,81
939,28,42,57,76,80
940,27,41,56,76,79
941,27,34,56,76,79
942,7,32,56,76,79
943,10,32,75,76,81
944,21,41,56,76,81
945,15,37,56,76,80
946,6,32,56,76,81
947,23,37,59,76,80
948,11,37,57,76,80
949,21,41,56,76,79
950,14,37,56,76,81
951,21,37,59,76,79
952,3,34,56,76,79
953,31,47,74,78,82
954,31,47,74,78,82
955,4,36,56,76,81
956,3,41,56,76,79
957,6,32,56,76,81
958,24,32,56,76,81
959,18,45,56,76,80
960,30,45,56,76,79
961,18,42,56,77,79
962,3,41,56,76,79
963,6,42,63,76,80
964,25,45,56,76,79
965,19,42,56,76,79
966,23,45,56,76,79
967,15,34,56,76,79
968,31,47,74,78,82
969,11,37,56,76,81
970,27,41,56,76,79
971,29,36,56,76,79
972,22,32,56,76,79
973,0,32,56,77,79
974,3,34,56,76,79
975,20,37,56,76,79
976,10,34,56,76,81
977,3,34,56,77,79
978,0,34,56,76,80
979,3,41,56,76,79
980,3,34,56,76,79
981,8,41,56,76,79
982,31,47,74,78,82
983,21,32,56,76,79
984,24,45,56,76,81
985,24,41,56,76,79
986,23,37,56,76,79
987,6,42,56,76,79
988,24,34,56,76,81
989,31,47,74,78,82
990,8,40,56,76,79
991,27,32,56,76,79
992,31,47,74,78,82
993,10,37,56,76,79
994,8,32,56,76,79
995,27,45,56,76,79
996,31,47,74,78,82
997,29,37,57,76,81
998,31,47,74,78,82
999,27,32,56,76,79
1000,27,32,56,76,79
1001,12,41,56,76,79
1002,15,32,56,76,79
1003,14,37,56,76,79
1004,4,34,69,76,80
1005,0,43,56,76,79
1006,12,32,56,76,79
1007,17,45,56,76,79
1008,6,32,56,76,81
1009,11,32,56,76,79
1010,10,37,56,76,81
1011,30,34,51,76,79
1012,31,47,74,78,82
1013,31,47,74,78,82
1014,11,37,56,76,80
1015,21,34,55,76,81
1016,8,45,56,76,79
1017,18,32,56,76,79
1018,17,40,56,76,79
1019,29,37,56,76,79
1020,19,32,56,76,79
1021,14,37,56,76,81
1022,19,40,56,77,79
1023,27,32,56,76,79
1024,24,36,56,76,79
1025,10,45,56,76,80
1026,18,34,56,77,79
1027,27,42,56,76,79
1028,8,45,56,76,81
1029,9,42,56,76,79
1030,23,37,56,76,79
1031,0,36,56,76,79
1032,18,42,56,76,79
1033,26,37,56,76,79
1034,27,45,56,76,79
1035,19,32,56,76,79
1036,30,37,56,76,79
1037,24,37,56,76,79
1038,21,32,56,76,79
1039,18,45,56,76,81
1040,17,37,49,76,80
1041,20,37,56,76,79
1042,27,41,56,76,79
1043,23,32,56,76,79
1044,27,41,56,76,79
1045,17,36,56,76,79
1046,20,45,56,77,79
1047,31,47,74,78,82
1048,31,47,74,78,82
1049,0,37,56,77,79
1050,27,41,56,76,79
1051,8,40,56,76,79
1052,24,32,75,76,81
1053,8,34,56,76,80
1054,21,37,56,76,79
1055,21,41,56,76,79
1056,12,37,56,76,80
1057,22,41,56,76,79
1058,12,32,56,76,79
1059,21,42,56,76,79
1060,27,41,56,76,79
1061,1,34,56,76,79
1062,4,32,56,76,79
1063,17,37,56,76,79
1064,21,41,56,76,79
1065,14,41,56,76,79
1066,18,37,56,76,79
1067,10,32,56,76,79
1068,10,37,56,76,79
1069,31,47,74,78,82
1070,21,34,56,76,79
1071,17,37,56,76,79
1072,21,36,56,76,79
1073,31,47,74,78,82
1074,29,36,56,76,79
1075,23,32,56,76,79
1076,31,47,74,78,82
1077,25,37,56,76,79
1078,0,37,56,76,79
1079,11,45,65,76,79
1080,24,32,56,76,80
1081,24,41,56,76,80
1082,18,34,56,76,80
1083,12,42,56,76,79
1084,0,41,56,76,79
1085,18,40,56,76,81
1086,9,37,56,76,79
1087,3,34,56,76,79
1088,27,37,56,76,81
1089,20,41,56,76,79
1090,21,42,56,76,81
1091,27,34,56,76,80
1092,27,32,56,76,79
1093,3,42,56,76,79
1094,11,45,71,76,80
1095,11,37,57,76,81
1096,3,37,56,76,79
1097,8,32,56,76,79
1098,23,42,56,76,81
1099,27,32,56,76,79
1100,29,34,56,76,80
1101,31,47,74,78,82
1102,8,32,56,76,79
1103,31,47,74,78,82
1104,0,37,56,76,79
1105,0,41,56,76,79
1106,31,47,74,78,82
1107,31,47,74,78,82
1108,3,34,56,76,79
1109,21,42,56,77,79
1110,14,37,56,76,81
1111,3,34,56,76,79
1112,6,45,63,76,79
1113,10,36,56,76,79
1114,20,32,56,76,79
1115,11,37,56,76,79
1116,19,34,56,76,79
1117,21,42,56,77,79
1118,12,32,56,76,79
1119,28,32,56,76,79
1120,31,47,74,78,82
1121,0,37,56,76,79
1122,31,47,74,78,82
1123,8,32,56,76,79
1124,20,36,56,76,81
1125,31,47,74,78,82
1126,3,37,56,76,79
1127,14,45,56,76,79
1128,18,37,56,76,80
1129,1,34,56,76,79
1130,18,32,56,76,81
1131,3,45,56,76,79
1132,1,45,56,76,79
1133,21,37,56,77,79
1134,9,40,56,76,79
1135,31,47,74,78,82
1136,31,47,74,78,82
1137,10,34,56,76,79
1138,0,41,56,76,79
1139,27,41,56,76,79
1140,27,42,56,76,79
1141,17,42,56,76,79
1142,12,34,57,76,80
1143,12,34,56,76,79
1144,18,42,56,76,80
1145,8,34,56,76,80
1146,30,36,56,76,81
1147,11,37,56,76,81
1148,14,32,63,76,79
1149,3,32,56,76,79
1150,8,37,63,76,79
1151,27,34,57,76,81
1152,21,37,56,76,79
1153,10,42,56,76,79
1154,8,42,56,76,79
1155,31,47,74,78,82
1156,11,42,56,76,81
1157,10,45,56,76,81
1158,10,32,56,76,80
1159,17,34,56,76,79
1160,12,32,56,76,79
1161,0,32,56,76,79
1162,5,32,56,76,79
1163,17,32,56,76,79
1164,27,37,56,76,79
1165,31,47,74,78,82
1166,25,42,56,76,81
1167,15,34,56,76,80
1168,5,32,56,76,79
1169,0,40,56,77,79
1170,31,47,74,78,82
1171,17,37,56,76,79
1172,4,32,56,76,79
1173,27,32,56,76,81
1174,20,40,56,76,81
1175,10,34,56,76,79
1176,11,41,56,76,79
1177,8,32,56,76,81
1178,10,41,56,76,80
1179,25,32,56,76,79
1180,19,45,56,76,79
1181,31,47,74,78,82
1182,4,41,56,76,79
1183,27,32,56,76,81
1184,27,34,56,76,81
1185,0,32,56,76,79
1186,27,32,56,76,79
1187,31,47,74,78,82
1188,12,32,56,76,79
1189,15,45,56,76,80
1190,31,47,74,78,82
1191,28,42,56,76,81
1192,14,37,56,76,79
1193,31,47,74,78,82
1194,6,45,56,76,79
1195,10,32,56,76,81
1196,0,45,56,77,80
1197,9,37,56,76,79
1198,31,47,74,78,82
1199,26,45,56,76,79
1200,31,47,74,78,82
1201,23,37,56,76,79
1202,27,37,56,77,79
1203,17,34,56,76,79
1204,27,45,56,76,79
1205,27,34,56,76,79
1206,31,47,74,78,82
1207,0,32,56,76,81
1208,29,41,56,76,79
1209,31,47,74,78,82
1210,8,32,56,76,79
1211,23,32,57,76,79
1212,0,42,56,77,79
1213,27,36,56,76,79
1214,28,42,56,76,80
1215,18,42,56,76,79
1216,22,45,56,76,79
1217,27,40,56,76,79
1218,4,37,56,76,80
1219,1,32,56,76,79
1220,21,36,56,76,79
1221,9,37,56,76,81
1222,21,37,56,76,79
1223,17,41,56,76,79
1224,15,32,56,76,79
1225,14,37,56,76,80
1226,14,40,56,76,81
1227,19,37,56,76,81
1228,31,47,74,78,82
1229,25,34,56,76,80
1230,17,37,56,76,81
1231,8,37,56,76,80
1232,19,42,56,76,79
1233,0,32,56,76,79
1234,31,47,74,78,82
1235,27,34,56,77,79
1236,21,37,56,76,80
1237,0,32,56,76,79
1238,28,34,56,76,80
1239,0,45,56,76,81
1240,27,32,56,76,79
1241,29,40,56,76,79
1242,31,47,74,78,82
1243,27,40,56,76,79
1244,11,32,56,76,79
1245,9,34,56,76,79
1246,19,40,56,77,79
1247,27,37,56,76,79
1248,27,36,56,76,80
1249,20,37,56,76,81
1250,29,45,56,76,81
1251,24,42,56,76,81
1252,27,42,56,76,79
1253,6,36,56,76,79
1254,8,45,56,76,79
1255,21,41,56,76,79
1256,21,36,56,76,79
1257,10,40,56,76,79
1258,18,37,57,76,81
1259,23,32,56,76,81
1260,21,45,56,76,79
1261,20,40,56,76,81
1262,17,41,56,76,79
1263,5,32,56,76,81
1264,23,42,56,76,79
1265,24,37,56,76,81
1266,10,37,56,76,79
1267,31,47,74,78,82
1268,27,37,75,76,81
1269,18,32,56,76,80
1270,8,45,57,76,80
1271,15,37,56,77,79
1272,22,42,56,76,79
1273,31,47,74,78,82
1274,3,32,56,76,79
1275,21,32,56,76,79
1276,27,36,56,76,79
1277,27,37,57,76,80
1278,8,34,56,76,80
1279,31,47,74,78,82
1280,22,37,56,76,79
1281,27,45,56,76,79
1282,18,34,65,76,81
1283,31,47,74,78,82
1284,27,32,56,76,79
1285,14,42,56,76,79
1286,27,37,56,76,79
1287,29,32,56,76,81
1288,5,37,56,76,81
1289,5,37,56,76,79
1290,5,36,56,76,79
1291,27,34,56,76,80
1292,27,40,56,76,79
1293,18,34,56,76,80
1294,31,47,74,78,82
1295,27,34,56,76,81
1296,3,37,56,76,79
1297,31,47,74,78,82
1298,20,40,56,76,79
1299,5,34,56,76,79
1300,8,34,56,76,81
1301,4,45,56,76,80
1302,26,45,56,76,79
1303,8,36,56,76,79
1304,9,42,56,76,80
1305,21,32,56,76,79
1306,31,47,74,78,82
1307,11,45,56,76,79
1308,31,47,74,78,82
1309,24,40,56,77,79
1310,21,40,56,76,79
1311,15,32,56,76,81
1312,14,34,56,76,79
1313,27,37,56,76,80
1314,15,37,56,76,79
1315,15,45,56,76,81
1316,0,41,56,76,81
1317,31,47,74,78,82
1318,9,32,56,76,79
1319,9,34,56,76,81
1320,11,34,56,76,81
1321,8,40,56,76,79
1322,26,37,56,77,81
1323,31,47,74,78,82
1324,27,32,56,76,80
1325,8,42,56,76,80
1326,31,47,74,78,82
1327,12,37,56,76,80
1328,17,32,56,76,81
1329,31,47,74,78,82
1330,14,34,56,76,81
1331,18,37,56,76,81
1332,27,41,56,76,79
1333,3,37,56,76,79
1334,10,34,56,76,81
1335,30,32,56,76,81
1336,20,45,56,76,80
1337,24,32,56,76,81
1338,0,32,56,76,79
1339,10,37,56,76,81
1340,6,36,56,76,79
1341,8,37,56,76,81
1342,21,37,56,76,79
1343,29,37,56,76,79
1344,20,37,56,76,81
1345,28,32,62,76,81
1346,10,34,62,76,80
1347,29,37,56,76,80
1348,4,37,56,77,81
1349,20,32,56,76,79
1350,9,42,56,76,79
1351,6,34,56,76,79
1352,21,34,56,76,81
1353,11,45,56,76,81
1354,27,34,56,76,81
1355,10,37,56,76,80
1356,27,42,56,76,79
1357,10,36,56,76,79
1358,12,41,56,76,79
1359,14,34,56,76,81
1360,10,42,58,76,80
1361,24,34,56,76,80
1362,6,42,56,76,81
1363,12,45,56,76,79
1364,24,45,56,76,80
1365,3,37,56,76,79
1366,31,47,74,78,82
1367,6,34,56,76,81
1368,31,47,74,78,82
1369,0,37,56,76,79
1370,8,32,56,76,79
1371,19,37,56,76,79
1372,27,39,56,76,81
1373,18,32,56,76,79
1374,27,37,56,76,80
1375,10,34,56,76,80
1376,22,32,56,76,81
1377,31,47,74,78,82
1378,27,40,56,76,80
1379,19,34,56,76,79
1380,9,32,56,76,79
1381,22,36,56,76,79
1382,30,36,56,76,79
1383,23,32,56,76,79
1384,18,34,56,77,81
1385,27,40,56,76,79
1386,27,34,56,76,79
1387,24,42,56,76,80
1388,19,34,56,76,81
1389,0,32,56,76,79
1390,14,32,56,76,80
1391,10,32,56,76,79
1392,20,41,56,76,79
1393,23,45,56,76,79
1394,3,36,56,76,79
1395,9,45,56,76,79
1396,24,40,56,77,81
1397,18,45,56,76,79
1398,12,32,56,76,79
1399,31,47,74,78,82
1400,31,47,74,78,82
1401,30,37,54,76,79
1402,30,32,56,76,79
1403,31,47,74,78,82
1404,3,40,56,76,79
1405,4,41,56,76,79
1406,0,34,56,76,79
1407,3,37,56,77,79
1408,6,45,56,76,79
1409,18,42,62,76,79
1410,8,32,56,76,79
1411,22,37,56,76,81
1412,10,42,62,76,79
1413,24,40,56,76,80
1414,16,34,56,76,81
1415,24,40,56,76,81
1416,12,42,56,76,79
1417,15,42,56,77,79
1418,27,40,56,76,81
1419,27,34,56,77,79
1420,30,32,56,76,81
1421,31,47,74,78,82
1422,0,34,56,77,79
1423,23,32,65,76,79
1424,6,45,56,76,81
1425,10,37,56,76,79
1426,20,34,56,76,79
1427,25,45,56,76,81
1428,14,37,56,76,79
1429,30,45,56,76,79
1430,26,34,56,76,79
1431,29,34,56,77,79
1432,0,40,56,76,81
1433,31,47,74,78,82
1434,27,32,56,76,79
1435,17,41,56,76,81
1436,31,47,74,78,82
1437,27,32,56,76,79
1438,31,47,74,78,82
1439,19,34,56,76,79
1440,27,42,58,76,81
1441,28,42,70,76,79
1442,29,45,56,76,81
1443,15,32,56,76,81
1444,31,47,74,78,82
1445,11,37,56,76,81
1446,27,34,56,76,79
1447,11,45,56,76,79
1448,27,40,56,76,79
1449,24,41,56,76,81
1450,31,47,74,78,82
1451,31,47,74,78,82
1452,31,47,74,78,82
1453,19,32,56,76,79
1454,31,47,74,78,82
1455,18,34,56,76,79
1456,0,37,56,76,81
1457,14,40,56,76,81
1458,27,41,56,76,79
1459,27,37,56,76,79
1460,29,37,56,76,80
1461,3,45,56,76,79
1462,27,37,56,76,79
1463,24,34,73,76,79
1464,27,37,56,76,79
1465,21,45,56,76,79
1466,31,47,74,78,82
1467,31,47,74,78,82
1468,28,37,57,76,81
1469,29,45,56,76,79
1470,0,34,56,76,81
1471,14,34,56,76,81
1472,25,32,56,76,79
1473,31,47,74,78,82
1474,18,34,56,76,81
1475,31,47,74,78,82
1476,10,36,56,76,79
1477,27,34,56,76,79
1478,27,40,57,76,81
1479,27,37,56,76,79
1480,14,34,65,76,81
1481,1,41,56,76,79
1482,29,35,56,76,80
1483,18,40,56,76,79
1484,11,34,56,76,79
1485,11,34,56,76,79
1486,18,34,56,77,81
1487,9,34,56,76,79
1488,27,37,56,76,79
1489,31,47,74,78,82
1490,3,45,56,77,79
1491,17,34,56,77,81
1492,10,37,57,76,81
1493,29,37,56,76,81
1494,31,47,74,78,82
1495,6,41,56,76,79
1496,20,32,56,76,79
1497,15,37,56,76,79
1498,15,41,56,76,79
1499,10,34,56,76,79
1500,25,37,59,76,80
1501,21,37,56,76,79
1502,21,45,56,76,79
1503,31,47,74,78,82
1504,10,37,56,76,80
1505,29,36,56,76,79
1506,11,37,56,76,79
1507,8,32,56,76,81
1508,3,37,56,76,81
1509,18,34,56,76,80
1510,0,32,56,76,79
1511,27,37,56,76,81
1512,31,47,74,78,82
1513,8,32,56,76,81
1514,14,37,56,76,80
1515,4,34,56,77,81
1516,31,47,74,78,82
1517,29,37,56,76,80
1518,3,34,56,76,79
1519,21,40,56,76,79
1520,15,34,56,77,79
1521,8,36,56,76,81
1522,27,34,56,76,79
1523,6,42,56,76,79
1524,27,34,56,76,81
1525,15,36,56,76,79
1526,6,37,63,76,79
1527,24,32,56,76,80
1528,27,37,56,76,79
1529,0,45,56,77,79
1530,14,40,56,76,79
1531,24,37,56,76,81
1532,27,36,56,76,79
1533,3,34,56,76,81
1534,11,34,57,76,81
1535,24,37,56,76,81
1536,6,41,56,76,79
1537,27,32,56,76,79
1538,8,41,56,76,79
1539,0,32,63,76,79
1540,31,47,74,78,82
1541,0,40,56,76,81
1542,8,42,56,76,81
1543,19,34,56,76,79
1544,29,42,56,76,79
1545,31,47,74,78,82
1546,27,36,56,76,79
1547,0,45,56,76,79
1548,18,45,56,76,81
1549,3,34,56,76,79
1550,27,37,56,76,79
1551,12,42,56,76,80
1552,15,37,56,76,79
1553,21,37,56,77,79
1554,31,47,74,78,82
1555,25,37,59,76,80
1556,12,42,56,76,79
1557,24,32,63,76,80
1558,17,32,56,76,81
1559,31,47,74,78,82
1560,6,41,56,76,81
1561,21,34,56,76,79
1562,29,42,56,76,79
1563,1,42,56,76,81
1564,25,32,56,76,80
1565,20,36,56,76,81
1566,18,40,56,76,79
1567,18,34,57,76,80
1568,18,37,56,76,79
1569,5,32,56,76,79
1570,11,34,48,76,79
1571,27,32,56,76,79
1572,27,37,56,76,80
1573,1,36,56,76,79
1574,0,32,56,76,79
1575,17,32,56,76,81
1576,21,34,56,76,79
1577,31,47,74,78,82
1578,22,42,56,76,81
1579,27,36,56,76,79
1580,18,42,56,76,81
1581,31,47,74,78,82
1582,18,32,62,76,81
1583,31,47,74,78,82
1584,31,47,74,78,82
1585,21,45,56,76,79
1586,8,37,56,76,79
1587,21,42,56,77,79
1588,3,42,56,76,79
1589,25,32,56,76,81
1590,21,37,56,76,79
1591,27,37,56,76,79
1592,15,37,56,76,81
1593,0,32,56,76,80
1594,11,42,56,76,79
1595,8,42,56,76,79
1596,19,37,56,76,79
1597,21,34,56,76,80
1598,27,41,56,76,80
1599,3,32,56,76,79
1600,27,40,56,76,79
1601,12,34,56,76,81
1602,31,47,74,78,82
1603,23,41,56,76,81
1604,6,37,56,76,81
1605,8,32,56,76,79
1606,31,47,74,78,82
1607,8,32,56,76,79
1608,3,32,56,76,79
1609,17,36,56,76,79
1610,9,42,56,76,79
1611,27,34,56,76,79
1612,23,45,54,76,79
1613,31,47,74,78,82
1614,21,34,56,76,79
1615,31,47,74,78,82
1616,25,32,56,76,81
1617,10,36,56,76,79
1618,15,32,56,76,79
1619,4,34,53,76,80
1620,28,32,62,76,81
1621,20,36,56,76,79
1622,19,45,56,77,79
1623,11,34,56,76,81
1624,11,34,56,77,79
1625,3,45,56,76,79
1626,30,34,56,77,79
1627,27,37,56,76,79
1628,14,37,56,76,81
1629,27,42,56,76,79
1630,6,37,56,76,81
1631,0,32,56,76,81
1632,27,41,56,76,79
1633,9,32,56,76,79
1634,27,37,56,76,80
1635,23,32,56,76,81
1636,31,47,74,78,82
1637,25,37,48,76,81
1638,22,34,56,76,81
1639,8,42,56,76,79
1640,21,32,56,76,79
1641,17,36,56,76,80
1642,10,34,56,76,81
1643,27,42,56,76,79
1644,31,47,74,78,82
1645,20,36,56,76,79
1646,8,37,56,76,81
1647,8,32,56,76,79
1648,23,45,56,76,80
1649,3,34,56,77,79
1650,8,32,56,76,81
1651,1,45,56,76,81
1652,31,47,74,78,82
1653,27,37,56,76,79
1654,0,37,56,76,81
1655,31,47,74,78,82
1656,9,40,56,76,79
1657,3,34,56,76,79
1658,5,45,56,76,79
1659,22,34,56,76,81
1660,18,32,56,76,81
1661,10,34,56,76,81
1662,3,36,56,76,79
1663,31,47,74,78,82
1664,3,32,56,77,81
1665,27,32,56,76,79
1666,11,34,56,76,79
1667,24,32,56,76,79
1668,19,32,56,76,79
1669,29,36,56,76,80
1670,3,34,56,76,79
1671,31,47,74,78,82
1672,27,32,56,76,79
1673,8,37,56,76,81
1674,27,41,56,76,79
1675,29,45,56,76,81
1676,6,45,56,76,81
1677,23,45,66,76,81
1678,3,40,56,76,81
1679,14,37,57,76,79
1680,19,34,56,76,80
1681,19,45,56,76,79
1682,31,47,74,78,82
1683,27,45,56,76,79
1684,19,37,56,76,79
1685,10,34,56,76,79
1686,0,37,56,76,81
1687,8,37,56,76,79
1688,8,34,56,77,80
1689,31,47,74,78,82
1690,27,45,56,76,79
1691,18,32,56,76,79
1692,6,32,56,76,79
1693,27,37,56,76,79
1694,23,37,56,76,81
1695,31,47,74,78,82
1696,9,42,56,76,81
1697,24,32,56,76,79
1698,31,47,74,78,82
1699,23,45,56,76,81
1700,10,36,56,76,79
1701,27,40,56,76,79
1702,27,37,56,76,81
1703,27,32,56,76,79
1704,0,37,56,76,79
1705,24,34,56,76,79
1706,21,45,56,76,80
1707,21,34,56,77,81
1708,24,42,49,76,79
1709,29,42,56,76,80
1710,31,47,74,78,82
1711,29,34,57,76,81
1712,14,37,56,76,80
1713,10,37,56,76,79
1714,31,47,74,78,82
1715,31,47,74,78,82
1716,27,37,56,76,81
1717,0,34,56,77,79
1718,27,32,56,76,81
1719,27,42,56,76,79
1720,0,32,56,76,81
1721,24,45,56,76,79
1722,24,45,56,76,81
1723,29,37,56,77,79
1724,31,47,74,78,82
1725,17,37,56,76,79
1726,20,41,56,76,79
1727,31,47,74,78,82
1728,14,34,56,77,79
1729,31,47,74,78,82
1730,3,34,56,76,80
1731,0,43,56,76,79
1732,31,47,74,78,82
1733,21,37,56,76,80
1734,21,32,56,76,79
1735,15,34,56,76,81
1736,31,47,74,78,82
1737,17,34,56,76,80
1738,27,37,56,76,79
1739,31,47,74,78,82
1740,24,37,56,76,81
1741,15,34,56,76,81
1742,27,42,56,77,79
1743,27,32,56,76,81
1744,25,37,56,76,81
1745,29,41,56,76,81
1746,31,47,74,78,82
1747,19,37,56,76,80
1748,31,47,74,78,82
1749,6,34,56,76,79
1750,31,47,74,78,82
1751,18,45,56,76,79
1752,23,40,55,76,80
1753,1,42,57,76,79
1754,10,37,56,76,80
1755,12,32,56,76,79
1756,12,34,56,76,81
1757,23,42,56,76,81
1758,6,42,56,76,79
1759,12,34,56,77,79
1760,27,36,56,76,81
1761,8,41,56,76,79
1762,21,37,56,76,79
1763,31,47,74,78,82
1764,20,42,56,77,81
1765,17,45,56,76,81
1766,0,32,56,76,79
1767,26,42,56,76,79
1768,5,40,56,76,79
1769,8,37,56,76,81
1770,21,32,56,76,79
1771,21,34,56,77,79
1772,31,47,74,78,82
1773,0,45,56,76,79
1774,8,32,56,76,81
1775,21,34,56,77,79
1776,0,36,56,76,79
1777,21,34,56,76,80
1778,31,47,74,78,82
1779,31,47,74,78,82
1780,14,37,56,76,80
1781,21,41,56,76,79
1782,1,37,56,77,79
1783,16,37,56,76,81
1784,12,37,56,76,79
1785,19,37,56,76,80
1786,18,37,56,76,79
1787,14,40,56,76,79
1788,18,37,56,76,79
1789,27,45,56,76,79
1790,29,37,56,76,80
1791,22,45,56,76,81
1792,19,41,56,76,79
1793,27,32,56,76,79
1794,18,41,56,76,80
1795,31,47,74,78,82
1796,0,32,56,76,79
1797,1,42,56,76,79
1798,14,41,56,76,79
1799,9,45,56,76,79
1800,26,37,56,77,79
1801,24,36,56,76,79
1802,5,34,56,76,81
1803,9,37,56,76,79
1804,14,42,56,76,81
1805,27,42,58,76,81
1806,20,34,56,76,79
1807,10,34,50,76,79
1808,23,37,56,76,80
1809,31,47,74,78,82
1810,22,34,56,76,79
1811,6,45,56,76,81
1812,21,41,56,76,79
1813,10,34,56,76,80
1814,31,47,74,78,82
1815,17,41,56,76,79
1816,31,47,74,78,82
1817,23,37,56,76,80
1818,18,37,56,76,79
1819,31,47,74,78,82
1820,31,47,74,78,82
1821,21,41,56,76,79
1822,20,45,56,76,81
1823,10,45,56,76,79
1824,31,47,74,78,82
1825,14,45,56,76,79
1826,19,42,56,76,81
1827,10,42,56,76,81
1828,27,45,56,76,79
1829,31,47,74,78,82
1830,29,32,56,76,79
1831,10,34,56,76,80
1832,31,47,74,78,82
1833,17,34,56,76,79
1834,21,34,56,77,79
1835,6,37,56,76,79
1836,23,42,57,76,79
1837,23,37,57,76,81
1838,26,41,56,76,79
1839,21,37,56,76,79
1840,9,34,56,76,79
1841,14,45,56,76,79
1842,27,32,56,76,81
1843,11,40,56,76,79
1844,3,37,57,76,81
1845,22,41,56,76,79
1846,15,36,56,76,80
1847,1,42,56,76,79
1848,15,32,75,76,80
1849,19,37,56,76,79
1850,29,37,54,76,81
1851,27,34,56,76,81
1852,6,41,56,76,79
1853,10,34,56,76,79
1854,0,40,56,76,79
1855,11,32,56,76,80
1856,31,47,74,78,82
1857,27,37,56,76,80
1858,9,37,56,76,79
1859,31,47,74,78,82
1860,11,42,56,76,81
1861,31,47,74,78,82
1862,27,42,56,76,81
1863,4,45,56,76,79
1864,1,40,56,76,79
1865,18,37,56,76,81
1866,8,45,56,76,79
1867,6,32,56,76,79
1868,22,32,56,76,81
1869,26,37,56,76,81
1870,0,37,56,76,79
1871,0,45,56,76,79
1872,27,32,56,76,79
1873,6,36,56,76,79
1874,8,34,56,77,81
1875,0,32,56,76,79
1876,31,47,74,78,82
1877,10,32,56,76,80
1878,27,32,56,76,79
1879,27,40,56,76,79
1880,3,40,56,76,80
1881,31,47,74,78,82
1882,29,42,56,76,81
1883,17,32,56,76,79
1884,18,42,51,76,79
1885,0,37,56,76,79
1886,31,47,74,78,82
1887,29,34,56,76,79
1888,28,37,69,76,79
1889,0,45,56,77,79
1890,21,37,56,76,81
1891,29,45,56,76,79
1892,23,34,56,76,79
1893,31,47,74,78,82
1894,27,45,56,76,79
1895,11,45,56,76,81
1896,10,32,56,76,80
1897,6,36,56,76,79
1898,8,34,56,76,79
1899,31,47,74,78,82
1900,31,47,74,78,82
1901,31,47,74,78,82
1902,22,36,56,76,79
1903,31,47,74,78,82
1904,10,32,56,76,80
1905,24,42,56,76,80
1906,0,34,56,76,79
1907,3,34,56,76,79
1908,17,32,56,76,79
1909,14,32,56,76,81
1910,3,45,56,76,79
1911,31,47,74,78,82
1912,24,34,56,76,79
1913,30,37,56,77,79
1914,27,45,56,76,79
1915,25,37,56,76,80
1916,6,34,56,76,81
1917,31,47,74,78,82
1918,23,45,56,76,79
1919,17,37,56,76,79
1920,21,32,56,76,79
1921,26,32,56,76,81
1922,27,41,56,76,79
1923,21,34,56,76,81
1924,23,32,56,76,79
1925,21,37,56,77,80
1926,12,34,56,76,81
1927,19,34,56,76,81
1928,8,37,56,76,81
1929,3,37,56,76,79
1930,21,37,56,76,79
1931,19,45,56,76,79
1932,0,45,56,76,81
1933,18,32,54,76,79
1934,3,34,56,77,79
1935,27,34,56,76,81
1936,1,36,56,76,79
1937,31,47,74,78,82
1938,6,37,56,76,79
1939,27,37,56,76,79
1940,0,37,56,76,79
1941,30,32,56,76,79
1942,9,34,56,76,79
1943,6,32,56,76,81
1944,29,37,56,76,80
1945,31,47,74,78,82
1946,31,47,74,78,82
1947,19,34,56,76,81
1948,21,34,56,76,79
1949,14,42,56,77,79
1950,20,32,56,76,80
1951,22,34,56,77,81
1952,23,37,56,76,79
1953,1,34,56,76,80
1954,27,34,56,76,81
1955,27,34,56,76,80
1956,0,36,56,76,79
1957,26,34,56,77,81
1958,11,41,56,76,81
1959,17,34,56,76,80
1960,15,32,56,76,81
1961,31,47,74,78,82
1962,0,37,56,76,79
1963,27,45,57,76,79
1964,8,37,56,76,79
1965,27,45,56,76,81
1966,10,32,56,76,79
1967,21,34,56,77,81
1968,21,40,56,77,80
1969,21,34,56,76,81
1970,27,37,56,76,79
1971,10,45,56,76,79
1972,6,41,56,76,81
1973,31,47,74,78,82
1974,17,36,56,76,81
1975,14,37,56,77,81
1976,23,37,56,76,81
1977,8,41,56,76,79
1978,22,41,56,76,79
1979,27,32,56,76,79
1980,21,37,57,76,79
1981,27,40,57,76,79
1982,0,37,56,76,79
1983,10,41,56,76,81
1984,3,34,56,76,79
1985,8,40,56,76,79
1986,31,47,74,78,82
1987,3,37,56,76,79
1988,31,47,74,78,82
1989,0,37,56,77,81
1990,3,34,56,76,81
1991,25,45,56,76,79
1992,0,32,56,76,80
1993,4,32,56,76,79
1994,24,37,56,76,80
1995,28,34,56,76,80
1996,19,34,56,76,79
1997,10,37,56,76,81
1998,31,47,74,78,82
1999,11,45,56,76,80
2000,9,37,56,76,79
2001,6,37,56,76,79
2002,9,42,56,76,79
2003,10,32,56,76,79
2004,21,36,56,76,79
2005,27,34,56,76,79
2006,13,32,56,76,79
2007,3,45,56,76,81
2008,12,37,56,76,79
2009,19,37,56,76,79
2010,27,37,56,76,80
2011,27,34,56,77,79
2012,26,36,56,76,79
2013,9,42,56,76,79
2014,31,47,74,78,82
2015,10,42,56,76,79
2016,27,42,56,76,81
2017,3,34,56,77,79
2018,31,47,74,78,82
2019,17,37,56,77,79
2020,31,47,74,78,82
2021,3,34,56,76,79
2022,27,32,56,76,79
2023,31,47,74,78,82
2024,23,45,56,76,80
2025,8,32,56,76,81
2026,23,45,56,76,79
2027,27,45,56,76,80
2028,30,37,56,76,79
2029,10,32,56,76,81
2030,24,32,56,76,79
2031,17,37,56,76,79
2032,26,32,56,76,81
2033,27,32,56,76,79
2034,27,34,56,76,81
2035,21,32,56,76,79
2036,0,42,56,76,79
2037,31,47,74,78,82
2038,31,47,74,78,82
2039,27,34,56,76,81
2040,25,45,56,76,81
2041,8,41,56,76,79
2042,10,41,56,76,79
2043,27,37,56,77,79
2044,3,34,56,76,79
2045,11,40,56,76,81
2046,3,32,56,77,79
2047,0,41,56,76,79
2048,8,42,56,77,79
2049,18,37,56,76,81
2050,11,37,57,76,80
2051,27,32,56,76,81
2052,3,42,56,76,81
2053,27,42,56,76,79
2054,10,32,56,76,79
2055,31,47,74,78,82
2056,27,45,56,76,80
2057,28,45,56,76,79
2058,15,42,56,76,79
2059,10,34,56,76,79
2060,21,32,56,76,79
2061,31,47,74,78,82
2062,12,32,56,76,79
2063,27,32,56,76,81
2064,19,34,56,76,80
2065,9,34,56,76,79
2066,4,45,56,76,79
2067,3,32,56,76,81
2068,10,45,56,76,79
2069,19,34,56,76,79
2070,0,32,56,76,79
2071,27,37,56,76,79
2072,31,47,74,78,82
2073,20,36,56,76,79
2074,31,47,74,78,82
2075,4,34,56,76,79
2076,27,34,56,76,79
2077,19,40,56,76,79
2078,15,32,56,76,81
2079,23,45,58,76,79
2080,19,37,56,76,79
2081,14,42,56,76,79
2082,0,32,56,76,81
2083,14,37,56,76,79
2084,31,47,74,78,82
2085,9,37,56,76,79
2086,1,37,56,76,79
2087,3,37,56,76,79
2088,25,37,56,76,80
2089,9,42,56,76,79
2090,27,42,56,76,79
2091,6,32,56,76,79
2092,31,47,74,78,82
2093,20,34,56,76,81
2094,5,41,56,76,79
2095,10,34,56,76,79
2096,27,41,56,76,79
2097,25,45,56,76,79
2098,27,32,56,76,81
2099,5,34,56,76,79
2100,10,32,56,76,81
2101,4,34,56,77,81
2102,15,37,56,76,81
2103,31,47,74,78,82
2104,27,34,56,76,79
2105,14,32,56,76,79
2106,8,45,56,76,81
2107,15,34,56,76,80
2108,0,32,56,76,79
2109,18,42,65,76,81
2110,3,34,56,77,81
2111,25,42,56,76,79
2112,19,36,56,76,79
2113,1,37,56,76,79
2114,0,37,56,77,81
2115,19,41,56,76,79
2116,15,36,56,76,79
2117,5,36,56,76,79
2118,4,37,56,76,81
2119,0,41,56,76,79
2120,21,34,56,76,81
2121,3,36,56,76,79
2122,22,36,56,76,79
2123,10,42,56,76,80
2124,0,37,56,76,81
2125,27,37,56,76,79
2126,1,37,56,76,80
2127,14,32,56,76,79
2128,23,32,62,76,81
2129,14,37,56,76,79
2130,10,34,56,76,80
2131,29,32,56,76,79
2132,8,32,56,76,79
2133,4,32,56,76,81
2134,10,45,56,76,80
2135,27,34,56,76,79
2136,17,45,56,76,79
2137,23,42,56,76,80
2138,28,40,56,76,81
2139,31,47,74,78,82
2140,1,32,56,76,79
2141,10,37,56,76,79
2142,28,37,56,76,81
2143,31,47,74,78,82
2144,31,47,74,78,82
2145,8,32,56,76,79
2146,18,34,56,76,81
2147,19,32,56,76,79
2148,27,37,56,76,79
2149,3,37,56,76,81
2150,27,34,56,77,79
2151,31,47,74,78,82
2152,27,37,56,76,79
2153,29,32,56,76,79
2154,29,37,56,76,81
2155,14,37,57,76,80
2156,30,45,62,76,81
2157,10,37,56,76,81
2158,30,34,64,76,79
2159,21,42,56,76,79
2160,3,41,56,76,79
2161,0,37,56,76,79
2162,14,37,56,76,81
2163,31,47,74,78,82
2164,20,36,56,76,79
2165,29,37,56,76,79
2166,8,32,56,76,81
2167,31,47,74,78,82
2168,27,42,56,76,79
2169,5,34,56,76,79
2170,6,34,56,76,79
2171,26,45,56,76,81
2172,27,37,56,76,79
2173,21,37,56,76,79
2174,19,37,56,76,79
2175,20,34,56,76,79
2176,12,40,56,76,80
2177,18,42,59,76,79
2178,27,37,56,76,80
2179,27,40,56,76,80
2180,29,37,56,76,80
2181,9,45,56,76,79
2182,26,37,56,76,80
2183,17,34,73,76,79
2184,14,37,56,76,79
2185,0,34,56,76,81
2186,27,42,56,76,81
2187,18,37,56,76,80
2188,21,34,56,76,80
2189,31,47,74,78,82
2190,31,47,74,78,82
2191,30,45,56,76,79
2192,10,32,56,76,79
2193,10,37,57,76,81
2194,29,37,57,76,79
2195,31,47,74,78,82
2196,14,37,56,76,79
2197,0,41,56,76,79
2198,9,34,56,76,81
2199,15,42,56,76,81
2200,8,37,56,76,79
2201,9,34,56,76,81
2202,24,42,56,76,80
2203,27,40,56,76,81
2204,27,34,56,77,79
2205,17,42,56,76,81
2206,1,32,56,76,79
2207,11,34,56,76,80
2208,14,45,56,76,79
2209,3,36,56,76,79
2210,24,37,56,76,81
2211,20,37,56,76,81
2212,14,37,56,76,80
2213,11,34,56,76,81
2214,21,42,56,76,79
2215,18,42,56,76,81
2216,14,37,56,76,80
2217,31,47,74,78,82
2218,3,34,56,76,79
2219,6,34,56,76,81
2220,12,37,56,76,80
2221,19,37,56,76,80
2222,27,45,56,76,81
2223,6,41,56,76,79
2224,18,37,61,76,81
2225,27,45,56,76,81
2226,5,36,56,76,79
2227,3,34,56,77,79
2228,14,34,56,76,79
2229,8,40,56,76,80
2230,25,42,56,76,79
2231,21,37,56,76,79
2232,8,37,56,76,79
2233,1,40,56,77,79
2234,6,32,56,76,81
2235,20,32,56,76,81
2236,31,47,74,78,82
2237,9,37,56,76,81
2238,8,40,56,76,80
2239,25,32,57,76,81
2240,6,34,56,76,79
2241,0,37,56,76,79
2242,0,42,56,77,79
2243,1,34,57,76,79
2244,31,47,74,78,82
2245,11,42,56,76,80
2246,28,37,56,76,79
2247,18,34,56,76,80
2248,8,37,56,77,79
2249,8,42,56,77,81
2250,27,32,56,76,79
2251,31,47,74,78,82
2252,15,36,56,76,79
2253,31,47,74,78,82
2254,1,41,56,76,79
2255,27,37,56,76,80
2256,27,32,56,76,79
2257,26,41,56,76,79
2258,0,34,56,76,81
2259,14,37,56,76,79
2260,22,45,56,76,79
2261,16,34,56,76,79
2262,27,40,56,76,81
2263,31,47,74,78,82
2264,6,37,56,76,79
2265,27,45,56,76,79
2266,31,47,74,78,82
2267,31,47,74,78,82
2268,19,45,56,76,79
2269,6,45,56,76,80
2270,17,32,56,76,79
2271,28,42,56,76,79
2272,3,37,56,76,79
2273,18,34,56,76,80
2274,31,47,74,78,82
2275,3,37,56,76,79
2276,1,37,56,76,81
2277,3,32,56,76,79
2278,27,34,56,76,79
2279,19,41,56,76,81
2280,12,32,56,76,79
2281,3,37,56,76,79
2282,10,37,57,76,79
2283,10,37,56,76,81
2284,6,45,56,76,79
2285,10,37,56,77,79
2286,14,45,56,76,81
2287,24,42,56,76,79
2288,31,47,74,78,82
2289,3,37,56,76,81
2290,28,42,56,76,81
2291,10,42,56,76,80
2292,6,32,56,76,79
2293,29,37,56,76,81
2294,14,37,56,76,79
2295,29,32,56,76,81
2296,12,45,56,76,79
2297,9,37,56,76,79
2298,8,45,58,76,81
2299,12,42,56,77,79
2300,14,34,56,76,80
2301,21,37,56,76,81
2302,27,34,56,76,81
2303,8,37,56,76,79
2304,15,34,56,76,79
2305,10,32,56,76,80
2306,27,37,56,76,79
2307,21,32,56,76,79
2308,24,37,56,76,81
2309,20,37,56,76,81
2310,21,34,56,76,79
2311,26,36,56,76,79
2312,27,34,56,76,81
2313,31,47,74,78,82
2314,24,32,56,76,79
2315,31,47,74,78,82
2316,21,37,56,76,81
2317,18,40,51,76,81
2318,11,42,56,77,79
2319,24,37,56,76,80
2320,1,37,56,76,80
2321,0,41,56,76,81
2322,31,47,74,78,82
2323,19,32,56,76,81
2324,6,34,56,76,80
2325,27,37,56,76,79
2326,27,37,56,76,79
2327,18,45,56,76,81
2328,28,45,56,76,81
2329,25,37,56,76,79
2330,22,36,56,76,81
2331,18,45,56,76,81
2332,31,47,74,78,82
2333,14,45,56,76,81
2334,10,37,56,76,81
2335,8,45,56,76,79
2336,23,32,56,76,81
2337,31,47,74,78,82
2338,24,32,56,76,79
2339,31,47,74,78,82
2340,15,32,56,76,81
2341,21,34,56,76,81
2342,10,37,59,76,80
2343,29,42,56,76,79
2344,31,47,74,78,82
2345,21,32,56,76,79
2346,17,32,56,76,81
2347,20,32,56,76,81
2348,21,42,56,76,81
2349,28,32,56,76,79
2350,21,32,56,76,79
2351,15,45,56,76,79
2352,18,37,54,76,81
2353,3,34,56,77,79
2354,20,41,56,76,81
2355,27,45,56,76,79
2356,9,45,56,76,79
2357,30,40,56,76,79
2358,23,42,56,76,80
2359,9,42,56,76,81
2360,19,40,56,76,80
2361,27,34,56,76,80
2362,10,37,56,76,80
2363,27,32,56,76,81
2364,11,45,56,76,80
2365,3,37,56,77,79
2366,15,45,56,76,81
2367,31,47,74,78,82
2368,6,32,56,76,81
2369,9,42,56,76,79
2370,27,37,56,76,81
2371,6,37,56,76,81
2372,27,45,56,76,79
2373,27,42,56,76,79
2374,8,37,56,76,79
2375,6,32,56,76,79
2376,8,37,56,76,81
2377,31,47,74,78,82
2378,8,40,56,76,79
2379,19,40,56,76,79
2380,3,37,56,76,79
2381,3,41,56,76,79
2382,27,32,56,76,79
2383,6,32,56,76,80
2384,10,43,56,76,79
2385,4,34,56,76,79
2386,24,37,56,76,79
2387,14,37,56,76,81
2388,0,37,56,77,81
2389,23,37,56,76,80
2390,29,34,57,76,79
2391,22,37,56,77,81
2392,29,45,56,76,79
2393,3,32,56,76,79
2394,17,41,56,76,81
2395,21,41,56,76,79
2396,1,40,56,76,81
2397,27,42,56,76,79
2398,31,47,74,78,82
2399,4,42,56,76,80
2400,21,37,56,76,79
2401,0,32,56,76,79
2402,15,36,56,76,79
2403,27,40,56,76,81
2404,11,37,59,76,81
2405,27,32,56,76,79
2406,21,41,56,76,79
2407,6,32,56,76,79
2408,0,37,56,76,79
2409,29,42,56,76,79
2410,23,42,56,76,80
2411,25,36,56,76,80
2412,6,42,56,76,79
2413,6,37,56,76,79
2414,9,34,56,76,79
2415,31,47,74,78,82
2416,15,37,75,76,81
2417,11,40,56,77,79
2418,28,45,56,76,79
2419,20,32,56,76,81
2420,17,34,56,76,79
2421,18,41,56,76,81
2422,0,41,56,76,79
2423,27,37,56,76,79
2424,29,32,56,76,81
2425,3,34,56,77,79
2426,0,37,56,76,79
2427,8,37,56,76,81
2428,0,41,56,76,81
2429,20,32,56,76,81
2430,12,32,56,76,81
2431,29,45,56,76,81
2432,10,40,56,76,81
2433,15,32,56,76,79
2434,31,47,74,78,82
2435,0,45,56,76,79
2436,0,45,56,76,79
2437,31,47,74,78,82
2438,21,32,56,76,79
2439,14,34,56,76,79
2440,1,34,54,76,79
2441,20,32,56,76,79
2442,31,47,74,78,82
2443,0,41,56,76,79
2444,14,34,56,76,81
2445,18,37,65,76,81
2446,11,42,57,76,80
2447,31,47,74,78,82
2448,31,47,74,78,82
2449,9,34,56,76,81
2450,15,32,56,76,79
2451,10,32,56,76,79
2452,25,45,56,76,80
2453,31,47,74,78,82
2454,31,47,74,78,82
2455,18,37,56,76,79
2456,18,40,61,76,81
2457,11,37,56,76,81
2458,10,32,56,76,79
2459,4,32,56,76,79
2460,4,32,56,76,81
2461,27,40,56,76,80
2462,5,36,56,76,81
2463,1,32,56,76,79
2464,24,37,56,76,81
2465,5,34,56,76,81
2466,17,41,56,76,81
2467,3,45,56,76,79
2468,9,37,56,76,81
2469,24,34,56,76,81
2470,31,47,74,78,82
2471,11,37,56,76,81
2472,6,34,56,76,79
2473,27,32,56,76,79
2474,24,34,56,76,80
2475,27,37,56,76,81
2476,15,40,56,76,79
2477,25,32,56,76,79
2478,31,47,74,78,82
2479,20,34,56,77,81
2480,25,37,56,76,79
2481,12,45,56,76,79
2482,31,47,74,78,82
2483,31,47,74,78,82
2484,28,34,56,77,79
2485,27,37,56,76,79
2486,27,36,56,76,79
2487,17,37,56,76,79
2488,14,45,56,76,81
2489,21,45,56,76,80
2490,11,37,56,76,79
2491,15,45,56,76,79
2492,1,32,56,76,79
2493,14,32,56,76,80
2494,1,42,56,76,79
2495,1,37,56,76,80
2496,21,37,56,76,81
2497,27,34,56,76,80
2498,21,34,56,76,81
2499,1,34,49,76,79
2500,21,45,56,76,81
2501,9,34,56,76,79
2502,11,34,57,76,79
2503,15,45,75,76,80
2504,6,32,56,76,79
2505,27,32,56,76,79
2506,31,47,74,78,82
2507,15,37,56,76,79
2508,1,37,66,76,79
2509,17,34,56,76,81
2510,14,34,56,76,80
2511,14,45,56,76,81
2512,10,37,56,76,79
2513,27,45,56,76,81
2514,1,34,56,76,79
2515,8,34,56,76,79
2516,10,34,56,76,79
2517,21,37,56,76,81
2518,23,36,56,76,81
2519,31,47,74,78,82
2520,28,45,56,76,79
2521,6,34,56,76,79
2522,21,34,56,76,79
2523,21,42,56,76,79
2524,31,47,74,78,82
2525,11,34,56,76,79
2526,28,45,56,76,80
2527,12,37,56,76,81
2528,3,37,56,76,80
2529,31,47,74,78,82
2530,3,32,57,76,80
2531,1,32,56,76,81
2532,29,45,56,76,81
2533,3,32,56,76,81
2534,11,34,56,76,81
2535,21,37,56,76,81
2536,3,37,56,76,79
2537,0,32,56,76,81
2538,27,37,56,76,81
2539,0,36,56,76,79
2540,15,37,56,76,80
2541,29,32,56,76,81
2542,24,45,56,76,80
2543,11,32,56,76,79
2544,31,47,74,78,82
2545,0,37,56,76,79
2546,21,37,56,76,81
2547,20,41,56,76,81
2548,31,47,74,78,82
2549,17,45,56,76,81
2550,31,47,74,78,82
2551,14,45,56,76,81
2552,18,34,57,76,81
2553,31,47,74,78,82
2554,3,41,56,76,81
2555,27,34,56,76,81
2556,8,34,56,77,79
2557,31,47,74,78,82
2558,1,37,56,76,79
2559,31,47,74,78,82
2560,22,32,56,76,81
2561,27,32,56,76,79
2562,11,34,56,76,80
2563,21,37,56,76,81
2564,18,40,56,76,79
2565,9,37,56,76,79
2566,3,32,56,77,79
2567,17,40,58,76,80
2568,10,37,56,76,80
2569,31,47,74,78,82
2570,7,42,56,76,79
2571,24,37,56,76,81
2572,31,47,74,78,82
2573,10,42,56,77,80
2574,6,37,56,76,79
2575,0,32,56,76,79
2576,31,47,74,78,82
2577,27,32,56,76,80
2578,27,37,56,76,81
2579,31,47,74,78,82
2580,31,47,74,78,82
2581,19,34,56,76,81
2582,9,40,58,77,79
2583,27,42,56,76,79
2584,16,42,57,76,79
2585,29,32,56,76,79
2586,8,36,56,76,79
2587,10,45,56,76,81
2588,9,34,56,76,79
2589,31,47,74,78,82
2590,31,47,74,78,82
2591,29,37,56,76,81
2592,17,32,56,76,79
2593,21,45,56,76,79
2594,31,47,74,78,82
2595,1,34,56,76,80
2596,10,37,56,76,79
2597,3,41,56,76,79
2598,17,34,56,76,79
2599,17,42,57,76,81
2600,0,36,56,76,79
2601,3,36,56,76,80
2602,4,37,56,76,79
2603,14,34,75,76,81
2604,24,41,56,76,81
2605,27,41,56,76,80
2606,25,40,56,76,81
2607,27,34,56,76,80
2608,8,32,56,76,81
2609,18,37,59,76,80
2610,17,40,51,76,79
2611,9,37,56,76,79
2612,31,47,74,78,82
2613,26,37,56,76,81
2614,18,34,56,76,79
2615,4,36,56,76,81
2616,17,37,56,76,80
2617,6,41,56,76,81
2618,20,37,56,76,81
2619,20,37,56,76,79
2620,0,42,56,77,79
2621,30,37,56,76,81
2622,27,40,56,76,79
2623,22,41,56,76,79
2624,9,37,56,76,79
2625,31,47,74,78,82
2626,24,37,61,76,81
2627,11,37,53,76,79
2628,31,47,74,78,82
2629,21,45,56,76,80
2630,11,37,58,76,80
2631,28,37,56,76,80
2632,18,37,56,76,80
2633,20,37,56,76,79
2634,18,37,56,76,79
2635,27,34,56,77,79
2636,15,37,56,76,79
2637,27,34,56,76,79
2638,0,45,56,76,81
2639,0,41,56,76,79
2640,23,37,56,76,81
2641,27,37,56,76,79
2642,14,37,56,76,79
2643,3,40,56,76,79
2644,31,47,74,78,82
2645,0,34,56,77,79
2646,27,32,56,76,79
2647,31,47,74,78,82
2648,27,42,56,77,79
2649,12,45,56,77,79
2650,27,34,56,76,79
2651,14,34,56,77,79
2652,6,36,56,76,79
2653,0,34,56,77,79
2654,10,42,57,76,79
2655,24,34,56,76,79
2656,29,37,56,76,79
2657,27,34,56,76,81
2658,27,32,56,76,79
2659,31,47,74,78,82
2660,10,34,56,76,81
2661,14,34,56,76,79
2662,18,40,56,76,79
2663,27,36,56,76,79
2664,27,40,56,76,79
2665,31,47,74,78,82
2666,24,34,62,76,79
2667,27,37,56,77,79
2668,31,47,74,78,82
2669,29,40,56,77,79
2670,8,37,56,76,81
2671,27,34,56,76,79
2672,21,37,56,76,81
2673,6,41,56,76,81
2674,8,34,56,76,79
2675,31,47,74,78,82
2676,20,36,56,76,79
2677,27,37,56,76,79
2678,29,32,56,76,81
2679,0,41,56,76,79
2680,31,47,74,78,82
2681,23,37,56,76,80
2682,18,32,56,76,79
2683,28,32,56,76,79
2684,3,32,56,76,79
2685,18,45,65,76,81
2686,8,42,56,76,79
2687,3,32,56,76,79
2688,17,32,56,76,79
2689,20,34,56,76,79
2690,24,34,56,76,80
2691,27,32,56,76,81
2692,3,32,56,76,79
2693,12,37,56,76,81
2694,21,37,56,77,79
2695,31,47,74,78,82
2696,18,32,56,76,80
2697,14,37,56,76,80
2698,9,34,56,76,79
2699,29,37,56,76,79
2700,27,40,56,76,79
2701,0,32,56,76,79
2702,27,37,57,76,80
2703,13,34,56,76,79
2704,20,45,56,76,81
2705,0,32,56,76,79
2706,10,40,56,76,79
2707,5,37,56,76,79
2708,21,42,56,76,81
2709,4,34,56,76,79
2710,10,34,56,76,79
2711,9,34,57,76,81
2712,23,37,65,76,80
2713,17,34,56,76,81
2714,31,47,74,78,82
2715,12,34,56,76,80
2716,19,45,56,76,79
2717,15,37,56,76,79
2718,31,47,74,78,82
2719,6,42,56,76,79
2720,0,37,56,76,79
2721,0,37,56,77,79
2722,27,37,55,76,81
2723,27,34,56,76,79
2724,6,37,56,76,80
2725,29,34,56,77,81
2726,21,34,56,76,79
2727,14,34,56,76,79
2728,10,34,56,76,79
2729,31,47,74,78,82
2730,25,37,56,76,80
2731,23,32,56,76,79
2732,10,34,56,76,80
2733,12,42,56,76,80
2734,31,47,74,78,82
2735,29,34,56,77,79
2736,12,41,56,76,79
2737,31,47,74,78,82
2738,15,45,56,76,81
2739,26,34,56,76,81
2740,21,34,56,76,80
2741,20,37,56,76,79
2742,3,37,56,76,79
2743,0,41,56,76,79
2744,25,34,56,76,79
2745,17,37,56,77,79
2746,24,42,56,77,79
2747,29,42,56,76,79
2748,17,37,56,76,79
2749,27,42,56,76,79
2750,6,32,56,76,81
2751,26,32,56,76,79
2752,26,32,56,76,81
2753,20,45,56,76,79
2754,27,34,56,77,79
2755,31,47,74,78,82
2756,21,32,56,76,79
2757,31,47,74,78,82
2758,18,40,56,76,79
2759,31,47,74,78,82
2760,0,34,56,76,79
2761,31,47,74,78,82
2762,20,45,56,76,81
2763,27,45,56,76,79
2764,3,32,56,76,79
2765,27,37,56,76,79
2766,31,47,74,78,82
2767,0,37,56,76,81
2768,21,32,56,76,79
2769,5,45,56,76,81
2770,31,47,74,78,82
2771,21,40,56,76,79
2772,8,37,58,76,80
2773,27,45,56,76,79
2774,17,37,56,76,81
2775,5,37,56,76,79
2776,0,43,56,76,79
2777,12,34,56,76,79
2778,0,36,56,76,79
2779,31,47,74,78,82
2780,24,37,56,76,80
2781,29,42,56,76,81
2782,10,37,56,76,79
2783,17,37,56,76,79
2784,31,47,74,78,82
2785,31,47,74,78,82
2786,27,40,56,76,79
2787,10,37,65,76,80
2788,19,32,56,76,79
2789,27,32,56,76,80
2790,6,34,56,76,80
2791,17,32,56,76,79
2792,19,42,56,76,81
2793,6,36,56,76,79
2794,17,34,56,76,79
2795,1,41,56,76,79
2796,17,41,56,76,79
2797,21,32,56,76,79
2798,29,34,56,76,79
2799,31,47,74,78,82
2800,31,47,74,78,82
2801,1,37,56,76,79
2802,24,32,56,76,79
2803,21,34,56,77,79
2804,18,34,56,76,79
2805,20,37,56,76,80
2806,17,37,56,76,81
2807,3,37,56,77,79
2808,21,34,56,76,81
2809,31,47,74,78,82
2810,3,34,56,76,79
2811,17,34,56,76,81
2812,18,34,56,77,81
2813,4,45,56,76,81
2814,9,34,56,76,79
2815,0,37,56,76,79
2816,3,45,56,76,81
2817,23,37,56,76,80
2818,3,37,56,76,81
2819,17,32,56,76,79
2820,21,37,56,76,79
2821,10,37,56,76,81
2822,31,47,74,78,82
2823,20,45,56,76,81
2824,31,47,74,78,82
2825,21,46,57,76,80
2826,31,47,74,78,82
2827,26,32,56,76,79
2828,31,47,74,78,82
2829,14,34,56,76,79
2830,4,32,56,76,80
2831,27,40,56,76,81
2832,20,37,56,76,79
2833,9,40,56,76,79
2834,6,34,56,76,81
2835,10,45,56,76,79
2836,10,45,56,76,79
2837,12,37,56,76,79
2838,21,37,56,76,81
2839,10,45,56,76,80
2840,1,32,56,76,79
2841,31,47,74,78,82
2842,27,37,56,76,79
2843,27,42,56,76,81
2844,27,42,56,77,79
2845,0,34,56,77,79
2846,31,47,74,78,82
2847,0,40,56,77,79
2848,18,34,56,76,80
2849,24,37,56,76,81
2850,27,34,56,76,79
2851,3,40,56,76,79
2852,8,37,56,76,80
2853,11,37,57,76,81
2854,7,34,56,77,79
2855,3,37,56,76,80
2856,1,34,56,76,79
2857,19,37,56,76,79
2858,27,45,56,76,79
2859,31,47,74,78,82
2860,31,47,74,78,82
2861,8,32,56,76,81
2862,6,37,56,76,79
2863,17,37,56,76,81
2864,11,42,56,76,81
2865,17,45,56,76,79
2866,6,34,56,76,81
2867,21,42,56,76,79
2868,0,34,56,77,79
2869,6,45,56,76,81
2870,30,32,57,76,79
2871,14,40,56,76,80
2872,1,32,56,76,79
2873,14,34,56,76,80
2874,31,47,74,78,82
2875,10,32,56,76,81
2876,31,47,74,78,82
2877,3,45,56,76,79
2878,3,45,57,76,79
2879,27,37,56,76,79
2880,24,37,56,76,80
2881,11,37,56,76,80
2882,31,47,74,78,82
2883,6,32,56,76,81
2884,11,37,56,76,79
2885,23,32,62,76,80
2886,3,40,57,76,79
2887,11,45,65,76,81
2888,27,37,56,76,81
2889,4,34,56,76,80
2890,25,37,56,76,79
2891,11,34,56,76,81
2892,31,47,74,78,82
2893,27,40,56,76,79
2894,3,34,56,76,79
2895,15,45,56,76,79
2896,23,40,56,76,79
2897,29,42,56,76,81
2898,20,42,56,76,79
2899,22,37,56,76,79
2900,17,32,56,76,81
2901,27,45,56,76,79
2902,27,34,56,76,79
2903,5,37,56,76,79
2904,1,37,49,76,79
2905,10,45,56,76,80
2906,17,45,56,76,81
2907,8,34,56,76,81
2908,4,34,56,76,81
2909,3,42,56,77,81
2910,6,32,56,76,79
2911,31,47,74,78,82
2912,18,37,56,76,79
2913,26,41,56,76,79
2914,31,47,74,78,82
2915,27,32,56,76,81
2916,19,34,56,76,79
2917,27,42,56,76,79
2918,8,34,56,76,79
2919,6,42,56,76,80
2920,6,34,56,76,79
2921,0,37,56,76,81
2922,10,37,58,76,80
2923,24,37,56,76,80
2924,17,32,56,76,79
2925,29,37,56,76,81
2926,27,37,56,76,81
2927,10,32,56,76,80
2928,31,47,74,78,82
2929,27,42,56,76,81
2930,31,47,74,78,82
2931,19,32,56,76,79
2932,17,32,56,76,79
2933,19,42,56,76,81
2934,10,42,57,76,80
2935,31,47,74,78,82
2936,3,32,56,76,79
2937,0,32,56,76,79
2938,28,45,56,76,79
2939,27,32,56,76,81
2940,19,34,56,76,79
2941,1,40,56,77,79
2942,27,36,56,76,81
2943,12,37,56,76,81
2944,18,37,56,76,81
2945,3,36,56,76,81
2946,31,47,74,78,82
2947,11,34,65,76,80
2948,27,34,56,76,81
2949,27,32,56,76,79
2950,12,45,56,76,79
2951,27,41,56,76,79
2952,1,45,56,76,79
2953,10,34,56,76,81
2954,5,32,56,76,81
2955,31,47,74,78,82
2956,1,45,56,76,79
2957,4,40,56,76,79
2958,1,34,56,76,79
2959,23,37,54,76,79
2960,8,34,56,76,80
2961,20,42,56,76,81
2962,31,47,74,78,82
2963,24,40,56,76,81
2964,3,42,56,76,79
2965,20,37,56,76,79
2966,17,41,56,76,79
2967,31,47,74,78,82
2968,17,34,56,77,80
2969,27,34,56,76,79
2970,15,37,56,76,81
2971,10,34,56,76,79
2972,10,45,56,76,79
2973,27,45,56,76,79
2974,8,42,58,76,79
2975,11,32,56,76,80
2976,31,47,74,78,82
2977,17,34,56,77,81
2978,22,34,56,76,81
2979,0,37,56,76,79
2980,26,41,56,76,79
2981,3,34,56,76,79
2982,10,37,56,76,80
2983,0,34,56,76,79
2984,8,32,56,76,80
2985,10,41,56,76,79
2986,21,37,56,76,79
2987,21,41,56,76,79
2988,0,32,56,76,79
2989,23,37,56,76,81
2990,29,37,56,76,81
2991,18,37,57,76,80
2992,21,34,56,76,80
2993,22,43,56,76,79
2994,24,45,56,76,81
2995,17,34,56,76,81
2996,0,32,56,76,81
2997,27,34,56,76,79
2998,31,47,74,78,82
2999,24,32,56,76,80
3000,14,42,56,76,79
3001,23,37,56,76,80
3002,9,34,56,76,81
3003,15,34,56,76,79
3004,10,37,56,76,81
3005,31,47,74,78,82
3006,31,47,74,78,82
3007,10,34,56,76,80
3008,31,47,74,78,82
3009,29,37,56,76,79
3010,8,34,56,77,80
3011,5,32,56,76,79
3012,1,34,56,76,80
3013,31,47,74,78,82
3014,20,34,56,76,79
3015,17,32,56,76,81
3016,17,41,56,76,81
3017,31,47,74,78,82
3018,27,40,56,77,79
3019,0,34,56,76,79
3020,26,37,56,76,79
3021,17,37,56,76,80
3022,10,37,56,76,79
3023,31,47,74,78,82
3024,0,37,56,76,79
3025,18,37,65,76,80
3026,31,47,74,78,82
3027,14,37,56,76,79
3028,28,34,57,76,79
3029,3,37,56,76,79
3030,31,47,74,78,82
3031,0,32,56,76,79
3032,31,47,74,78,82
3033,3,36,56,76,81
3034,23,32,62,76,80
3035,14,34,56,76,81
3036,10,36,56,76,79
3037,14,32,56,76,81
3038,21,37,56,76,79
3039,27,36,56,76,79
3040,6,34,56,76,79
3041,29,34,56,76,80
3042,18,34,56,76,81
3043,3,42,56,77,79
3044,24,34,56,77,79
3045,29,34,56,76,81
3046,8,32,56,76,81
3047,31,47,74,78,82
3048,19,34,56,76,79
3049,3,40,56,76,79
3050,10,32,56,76,80
3051,26,32,63,76,79
3052,3,34,56,76,79
3053,19,40,56,76,79
3054,31,47,74,78,82
3055,20,37,56,76,81
3056,17,32,56,76,79
3057,17,34,56,77,81
3058,17,42,56,76,81
3059,24,32,62,76,79
3060,21,32,56,76,79
3061,29,37,56,76,81
3062,4,41,56,76,79
3063,6,37,56,76,79
3064,31,47,74,78,82
3065,27,34,56,76,80
3066,23,32,56,76,79
3067,0,37,56,76,79
3068,0,41,56,76,81
3069,25,42,56,76,80
3070,27,37,56,76,79
3071,9,37,56,76,81
3072,31,47,74,78,82
3073,10,32,56,76,81
3074,8,37,56,76,79
3075,27,45,56,76,79
3076,17,34,56,76,79
3077,9,34,56,76,81
3078,31,47,74,78,82
3079,27,34,56,76,79
3080,31,47,74,78,82
3081,3,32,56,76,81
3082,20,45,56,76,79
3083,3,41,56,76,81
3084,31,47,74,78,82
3085,30,45,56,76,79
3086,20,36,56,76,81
3087,15,42,56,76,81
3088,27,40,56,76,79
3089,27,42,56,76,80
3090,31,47,74,78,82
3091,19,37,56,76,79
3092,31,47,74,78,82
3093,0,32,56,76,79
3094,16,32,56,76,79
3095,0,34,56,76,81
3096,6,37,56,76,81
3097,14,34,56,76,81
3098,6,32,56,76,79
3099,3,37,56,76,80
3100,8,37,56,76,81
3101,27,34,56,77,79
3102,31,47,74,78,82
3103,18,34,56,76,79
3104,27,34,56,76,79
3105,10,42,56,76,79
3106,19,32,56,76,79
3107,31,47,74,78,82
3108,3,32,56,76,79
3109,27,37,56,76,79
3110,0,36,56,76,79
3111,31,47,74,78,82
3112,21,40,56,76,79
3113,18,37,56,76,79
3114,29,42,56,77,79
3115,21,45,56,76,79
3116,21,32,56,76,81
3117,31,47,74,78,82
3118,17,37,56,76,81
3119,27,34,56,76,79
3120,14,42,57,76,80
3121,17,41,56,76,81
3122,19,34,56,76,79
3123,15,45,56,77,79
3124,30,37,56,76,79
3125,27,45,56,76,79
3126,10,37,56,76,81
3127,27,32,56,76,81
3128,27,32,56,76,79
3129,0,34,56,76,79
3130,31,47,74,78,82
3131,27,37,56,76,79
3132,31,47,74,78,82
3133,6,36,56,76,79
3134,27,42,56,76,79
3135,3,40,56,76,80
3136,27,42,56,76,79
3137,31,47,74,78,82
3138,14,37,56,76,80
3139,12,42,56,76,80
3140,27,40,56,76,80
3141,14,34,56,76,81
3142,29,37,56,76,81
3143,11,45,56,76,79
3144,3,45,56,76,81
3145,10,40,56,76,80
3146,18,34,56,77,81
3147,10,37,49,76,81
3148,14,34,59,76,81
3149,8,32,56,76,79
3150,31,47,74,78,82
3151,19,42,56,76,80
3152,9,40,56,76,79
3153,24,37,56,76,81
3154,27,34,56,76,79
3155,31,47,74,78,82
3156,3,34,50,76,81
3157,21,41,56,76,79
3158,21,37,56,76,81
3159,0,42,56,76,81
3160,27,41,56,76,79
3161,31,47,74,78,82
3162,0,42,56,76,80
3163,21,34,56,77,79
3164,27,42,56,77,79
3165,0,42,56,76,81
3166,3,37,56,76,79
3167,17,34,56,76,80
3168,17,34,56,76,81
3169,24,37,56,76,80
3170,27,34,56,76,79
3171,10,37,56,76,80
3172,4,45,56,76,80
3173,4,32,56,76,79
3174,21,32,56,76,81
3175,27,34,56,76,81
3176,14,37,56,76,80
3177,15,40,57,76,80
3178,21,37,56,76,81
3179,31,47,74,78,82
3180,8,37,56,76,79
3181,31,47,74,78,82
3182,0,42,56,76,80
3183,27,45,56,76,80
3184,20,40,56,76,80
3185,24,40,56,76,79
3186,14,32,62,76,81
3187,31,47,74,78,82
3188,27,32,56,76,79
3189,27,34,56,77,79
3190,19,37,56,76,79
3191,31,47,74,78,82
3192,21,32,56,76,81
3193,27,45,56,76,79
3194,31,47,74,78,82
3195,18,40,56,76,79
3196,0,36,56,76,80
3197,24,34,56,76,81
3198,6,45,56,76,79
3199,12,32,56,76,79
3200,27,37,56,76,81
3201,10,34,56,76,79
3202,29,37,56,77,79
3203,21,37,56,76,81
3204,24,32,56,76,81
3205,31,47,74,78,82
3206,27,32,56,76,79
3207,27,32,56,76,79
3208,6,37,56,76,81
3209,17,32,56,76,79
3210,31,47,74,78,82
3211,27,40,56,76,81
3212,31,47,74,78,82
3213,24,34,56,76,80
3214,6,40,56,76,79
3215,10,37,56,76,81
3216,17,42,56,76,81
3217,3,36,56,76,81
3218,27,37,56,76,79
3219,31,47,74,78,82
3220,11,45,56,76,81
3221,18,34,56,76,81
3222,10,42,56,76,79
3223,0,32,56,76,79
3224,14,34,56,76,79
3225,31,47,74,78,82
3226,31,47,74,78,82
3227,5,34,56,76,81
3228,17,40,56,76,80
3229,17,34,56,76,79
3230,17,32,56,76,81
3231,30,42,54,76,79
3232,31,47,74,78,82
3233,4,45,56,76,79
3234,21,32,56,76,79
3235,9,37,56,76,79
3236,27,45,56,76,80
3237,6,32,56,76,79
3238,31,47,74,78,82
3239,31,47,74,78,82
3240,31,47,74,78,82
3241,15,32,56,76,81
3242,27,37,56,76,79
3243,19,40,56,76,79
3244,31,47,74,78,82
3245,10,32,56,76,81
3246,8,34,56,77,80
3247,10,37,57,76,81
3248,6,37,56,76,80
3249,31,47,74,78,82
3250,10,32,75,76,80
3251,21,37,56,76,81
3252,1,37,60,76,79
3253,19,40,56,76,79
3254,31,47,74,78,82
3255,4,37,56,76,79
3256,31,47,74,78,82
3257,6,32,56,76,81
3258,3,36,56,76,79
3259,6,34,56,76,81
3260,20,32,56,76,81
3261,14,37,56,76,81
3262,1,34,56,76,80
3263,23,40,56,76,81
3264,6,34,56,76,81
3265,3,34,56,76,79
3266,27,37,56,76,79
3267,12,42,56,76,79
3268,9,37,56,76,79
3269,14,42,57,76,80
3270,3,34,56,76,81
3271,23,32,56,76,79
3272,20,32,56,76,81
3273,14,34,54,77,79
3274,31,47,74,78,82
3275,0,36,56,76,79
3276,31,47,74,78,82
3277,12,34,56,77,79
3278,22,32,56,76,81
3279,4,37,56,76,79
3280,3,40,56,76,79
3281,31,47,74,78,82
3282,31,47,74,78,82
3283,31,47,74,78,82
3284,17,40,56,76,80
3285,31,47,74,78,82
3286,31,47,74,78,82
3287,31,47,74,78,82
3288,27,34,56,76,81
3289,23,45,56,76,79
3290,6,37,56,76,79
3291,12,41,56,76,81
3292,15,32,56,76,79
3293,31,47,74,78,82
3294,8,42,57,76,79
3295,6,32,56,76,79
3296,5,37,56,76,81
3297,31,47,74,78,82
3298,20,40,56,77,79
3299,31,47,74,78,82
3300,7,32,56,76,79
3301,20,37,56,76,81
3302,31,47,74,78,82
3303,27,42,56,76,81
3304,27,37,56,76,79
3305,27,45,56,76,79
3306,26,32,56,76,79
3307,14,37,56,76,80
3308,1,32,56,76,79
3309,3,34,56,76,79
3310,3,37,56,76,81
3311,3,41,56,76,81
3312,14,42,56,76,81
3313,31,47,74,78,82
3314,28,32,56,76,81
3315,8,34,56,76,80
3316,27,45,49,76,79
3317,31,47,74,78,82
3318,31,47,74,78,82
3319,27,40,56,77,79
3320,6,37,56,76,79
3321,8,37,57,76,80
3322,29,32,62,76,81
3323,14,42,56,76,80
3324,19,40,56,76,79
3325,27,37,56,76,79
3326,26,37,56,76,79
3327,31,47,74,78,82
3328,27,37,53,76,81
3329,11,42,54,76,80
3330,31,47,74,78,82
3331,0,37,56,77,80
3332,3,37,56,76,81
3333,11,37,57,76,80
3334,27,32,56,76,80
3335,7,42,56,76,79
3336,3,37,56,76,81
3337,0,41,56,76,79
3338,31,47,74,78,82
3339,3,34,56,76,81
3340,23,37,56,76,80
3341,31,47,74,78,82
3342,21,34,56,76,79
3343,0,32,56,76,79
3344,5,32,56,76,79
3345,27,32,56,76,81
3346,27,32,56,76,81
3347,9,37,56,76,81
3348,24,41,56,76,81
3349,29,41,56,76,79
3350,27,37,56,77,79
3351,18,37,57,76,79
3352,6,40,56,76,81
3353,0,34,56,76,79
3354,28,40,56,76,79
3355,27,42,56,76,79
3356,23,37,56,76,80
3357,24,34,56,76,79
3358,25,42,56,76,80
3359,21,45,56,76,81
3360,6,34,56,76,79
3361,29,34,56,76,79
3362,27,32,56,76,81
3363,3,37,56,76,81
3364,0,42,56,76,79
3365,30,37,56,76,79
3366,25,41,56,76,80
3367,31,47,74,78,82
3368,17,45,56,76,79
3369,29,32,56,76,79
3370,7,34,49,76,81
3371,4,42,56,76,81
3372,0,37,56,76,81
3373,29,45,56,76,79
3374,0,32,56,76,79
3375,0,32,56,76,79
3376,15,34,56,76,81
3377,6,37,56,77,79
3378,27,45,56,76,79
3379,31,47,74,78,82
3380,23,37,56,76,79
3381,23,42,56,76,79
3382,6,37,56,76,81
3383,17,34,56,76,79
3384,1,42,49,76,79
3385,10,42,56,76,79
3386,14,45,56,76,79
3387,3,37,56,76,81
3388,29,34,66,76,81
3389,0,34,56,76,81
3390,21,34,56,76,81
3391,6,45,56,76,79
3392,29,34,69,76,79
3393,6,45,56,76,79
3394,7,45,56,76,79
3395,28,45,56,76,81
3396,12,42,56,76,79
3397,21,35,56,77,79
3398,31,47,74,78,82
3399,11,32,56,76,79
3400,19,34,56,76,81
3401,0,45,56,76,81
3402,6,34,56,76,79
3403,17,34,56,76,79
3404,27,42,56,76,79
3405,8,32,56,76,81
3406,17,34,72,76,79
3407,9,40,56,76,80
3408,23,32,62,76,80
3409,31,47,74,78,82
3410,20,32,56,76,79
3411,27,32,56,76,79
3412,25,32,56,76,79
3413,27,36,56,76,79
3414,5,41,56,76,79
3415,6,32,56,76,80
3416,9,34,56,76,79
3417,17,32,56,76,80
3418,21,34,56,76,81
3419,27,32,56,76,79
3420,1,34,56,76,79
3421,1,32,56,76,79
3422,27,32,56,76,79
3423,20,40,56,76,79
3424,24,34,56,76,79
3425,8,37,56,76,80
3426,31,47,74,78,82
3427,21,40,56,76,79
3428,8,32,56,76,81
3429,24,34,56,76,79
3430,21,37,56,76,81
3431,27,37,56,76,79
3432,10,32,56,76,79
3433,0,32,56,76,79
3434,10,42,56,76,81
3435,17,41,56,76,79
3436,16,37,56,76,79
3437,31,47,74,78,82
3438,31,47,74,78,82
3439,31,47,74,78,82
3440,31,47,74,78,82
3441,9,37,56,76,79
3442,31,47,74,78,82
3443,1,40,56,76,79
3444,28,37,56,76,79
3445,21,37,56,76,79
3446,23,42,56,76,79
3447,3,42,56,76,81
3448,17,37,56,76,81
3449,22,32,56,76,81
3450,31,47,74,78,82
3451,29,37,56,76,79
3452,3,36,56,76,79
3453,9,37,56,76,81
3454,1,45,56,76,79
3455,27,32,56,76,79
3456,10,32,56,76,79
3457,8,32,54,76,79
3458,27,37,56,76,79
3459,14,42,56,76,80
3460,30,32,56,76,79
3461,14,32,56,76,80
3462,3,42,56,77,79
3463,14,37,56,76,81
3464,31,47,74,78,82
3465,21,40,56,77,79
3466,31,47,74,78,82
3467,31,47,74,78,82
3468,14,45,56,76,80
3469,27,37,56,76,79
3470,27,41,56,76,79
3471,1,37,56,76,81
3472,17,32,56,76,79
3473,20,34,56,76,79
3474,24,37,56,76,81
3475,11,45,56,76,79
3476,24,34,56,77,79
3477,14,37,49,76,81
3478,31,47,74,78,82
3479,20,37,56,76,79
3480,27,37,56,76,81
3481,29,37,56,76,79
3482,14,42,56,76,79
3483,30,45,56,76,81
3484,8,34,56,76,79
3485,3,32,56,76,79
3486,27,45,56,76,81
3487,31,47,74,78,82
3488,31,47,74,78,82
3489,11,37,56,76,80
3490,17,32,56,76,81
3491,27,40,56,76,81
3492,31,47,74,78,82
3493,6,34,56,77,81
3494,18,45,57,76,81
3495,8,37,56,76,81
3496,27,45,56,76,79
3497,14,37,56,76,79
3498,17,40,55,76,79
3499,31,47,74,78,82
3500,24,37,56,76,79
3501,3,37,56,76,81
3502,29,42,56,76,81
3503,5,41,56,76,81
3504,6,37,56,76,81
3505,27,34,56,76,79
3506,14,32,56,76,79
3507,31,47,74,78,82
3508,0,37,56,76,79
3509,8,32,56,76,79
3510,17,37,56,76,81
3511,31,47,74,78,82
3512,31,47,74,78,82
3513,21,37,56,77,79
3514,24,37,56,76,80
3515,31,47,74,78,82
3516,27,32,56,76,79
3517,31,47,74,78,82
3518,3,42,56,76,79
3519,1,32,56,76,81
3520,31,47,74,78,82
3521,31,47,74,78,82
3522,6,42,56,76,81
3523,0,32,56,76,79
3524,20,37,56,76,81
3525,0,37,56,76,79
3526,0,42,56,77,79
3527,0,36,56,76,79
3528,3,40,56,77,79
3529,1,40,56,77,81
3530,31,47,74,78,82
3531,27,42,56,76,81
3532,31,47,74,78,82
3533,10,32,56,76,79
3534,10,42,56,76,81
3535,3,34,56,76,80
3536,4,34,56,76,80
3537,11,37,56,76,81
3538,3,32,56,76,79
3539,21,45,56,76,81
3540,31,47,74,78,82
3541,31,47,74,78,82
3542,27,32,62,76,80
3543,6,32,56,76,81
3544,29,40,56,76,81
3545,10,45,56,76,79
3546,4,34,56,76,79
3547,0,45,56,76,80
3548,15,37,56,76,79
3549,0,45,56,76,79
3550,27,37,56,76,79
3551,1,42,56,77,79
3552,19,37,56,76,79
3553,27,34,56,76,79
3554,27,37,56,76,80
3555,25,32,56,76,81
3556,21,32,56,76,79
3557,0,32,56,76,79
3558,24,42,56,77,81
3559,27,34,56,76,81
3560,25,32,56,76,79
3561,23,41,56,76,79
3562,27,34,56,76,79
3563,29,34,52,76,79
3564,31,47,74,78,82
3565,31,47,74,78,82
3566,13,34,56,76,81
3567,3,40,56,76,79
3568,18,37,49,76,79
3569,9,37,56,76,79
3570,30,45,56,76,79
3571,17,34,56,76,79
3572,27,37,56,76,79
3573,9,37,56,76,79
3574,0,37,56,76,79
3575,15,34,56,77,79
3576,9,32,56,76,79
3577,17,34,56,76,81
3578,27,37,57,76,81
3579,31,47,74,78,82
3580,0,41,56,76,81
3581,10,34,56,76,79
3582,10,32,56,76,81
3583,10,37,56,76,79
3584,15,40,56,76,81
3585,20,45,56,76,79
3586,11,45,56,76,80
3587,9,37,56,76,79
3588,27,34,56,76,79
3589,31,47,74,78,82
3590,20,45,56,76,79
3591,6,45,54,76,80
3592,31,47,74,78,82
3593,18,34,49,76,79
3594,21,34,56,76,79
3595,10,32,56,76,79
3596,6,37,56,76,80
3597,31,47,74,78,82
3598,15,37,56,77,79
3599,24,36,56,76,81
3600,31,47,74,78,82
3601,8,37,56,76,81
3602,31,47,74,78,82
3603,29,45,56,76,81
3604,27,34,56,76,79
3605,4,32,56,76,79
3606,8,42,56,76,79
3607,29,34,56,76,81
3608,21,41,56,76,79
3609,6,40,56,76,79
3610,6,32,56,76,79
3611,18,34,49,76,79
3612,5,41,56,76,79
3613,31,47,74,78,82
3614,18,40,56,76,80
3615,31,47,74,78,82
3616,14,32,56,76,79
3617,27,45,56,76,81
3618,27,34,56,76,79
3619,0,34,56,76,81
3620,9,45,56,76,79
3621,3,37,56,76,79
3622,18,37,56,76,79
3623,20,34,56,77,79
3624,29,34,64,76,79
3625,26,32,56,76,80
3626,17,37,56,76,79
3627,23,34,56,76,80
3628,8,34,56,76,81
3629,21,40,56,76,79
3630,31,47,74,78,82
3631,18,37,56,76,79
3632,27,37,56,76,79
3633,10,34,56,76,81
3634,31,47,74,78,82
3635,0,34,56,76,81
3636,19,32,56,76,79
3637,27,32,56,76,79
3638,26,37,56,76,79
3639,10,32,56,76,79
3640,15,32,56,76,79
3641,6,32,56,76,81
3642,14,42,56,76,81
3643,18,37,56,76,79
3644,15,32,56,76,81
3645,21,37,56,76,81
3646,18,45,56,76,81
3647,21,32,56,76,80
3648,17,40,56,77,79
3649,17,37,56,76,79
3650,12,32,56,76,79
3651,0,37,56,77,79
3652,6,45,56,76,79
3653,21,41,56,76,81
3654,21,42,56,76,79
3655,27,37,56,76,79
3656,9,42,56,76,81
3657,24,45,56,76,81
3658,20,37,56,76,81
3659,21,32,56,76,79
3660,15,32,56,76,79
3661,31,47,74,78,82
3662,11,32,56,76,79
3663,20,34,56,76,79
3664,23,45,56,76,81
3665,15,45,56,76,79
3666,0,42,56,76,79
3667,20,37,56,76,79
3668,14,45,56,76,79
3669,10,40,56,77,79
3670,27,40,56,76,79
3671,3,37,56,76,79
3672,17,42,56,76,79
3673,17,45,56,76,80
3674,11,40,56,76,81
3675,10,42,56,76,81
3676,27,32,56,76,79
3677,19,34,56,76,79
3678,5,34,56,76,81
3679,0,36,56,76,79
3680,31,47,74,78,82
3681,0,32,56,77,79
3682,31,47,74,78,82
3683,21,34,56,76,80
3684,27,37,63,76,81
3685,3,45,56,76,79
3686,3,37,56,76,79
3687,31,47,74,78,82
3688,21,45,56,76,79
3689,31,47,74,78,82
3690,20,36,56,76,79
3691,20,32,56,76,81
3692,31,47,74,78,82
3693,18,37,56,76,79
3694,21,37,56,76,79
3695,10,34,56,76,79
3696,21,34,56,76,81
3697,30,45,56,76,79
3698,31,47,74,78,82
3699,31,47,74,78,82
3700,1,45,56,76,79
3701,31,47,74,78,82
3702,20,41,56,76,80
3703,31,47,74,78,82
3704,24,37,56,76,81
3705,27,34,56,76,81
3706,3,32,56,76,80
3707,3,40,56,76,79
3708,12,32,56,76,79
3709,20,34,56,76,81
3710,11,34,56,76,79
3711,15,42,56,77,79
3712,24,40,56,76,81
3713,3,45,56,76,81
3714,28,34,56,76,79
3715,25,37,56,76,80
3716,31,47,74,78,82
3717,14,41,56,76,79
3718,0,34,56,76,80
3719,15,34,56,76,80
3720,20,32,56,76,79
3721,0,34,56,76,81
3722,15,34,56,76,81
3723,10,37,56,76,79
3724,10,40,56,76,79
3725,6,32,56,76,81
3726,29,42,56,76,81
3727,21,32,56,76,81
3728,31,47,74,78,82
3729,21,34,56,76,81
3730,24,42,56,76,81
3731,6,32,56,76,81
3732,27,45,56,76,79
3733,28,34,68,76,79
3734,21,37,56,76,81
3735,27,32,56,76,81
3736,10,34,56,76,79
3737,1,37,56,76,79
3738,18,42,56,76,80
3739,17,34,56,76,79
3740,15,45,56,76,79
3741,31,47,74,78,82
3742,0,41,56,76,79
3743,31,47,74,78,82
3744,11,32,67,76,81
3745,27,41,56,76,79
3746,31,47,74,78,82
3747,21,32,56,76,81
3748,17,32,56,76,81
3749,31,47,74,78,82
3750,20,37,56,76,81
3751,31,47,74,78,82
3752,31,47,74,78,82
3753,12,40,56,76,80
3754,1,37,56,76,81
3755,25,37,56,76,79
3756,8,34,56,77,79
3757,31,47,74,78,82
3758,6,37,56,76,81
3759,15,37,56,76,80
3760,10,37,51,76,79
3761,27,32,56,76,79
3762,6,34,56,76,81
3763,6,42,56,76,80
3764,27,45,56,76,79
3765,10,34,56,76,80
3766,0,32,56,76,79
3767,29,37,56,76,80
3768,0,32,56,76,79
3769,17,32,56,76,79
3770,14,34,56,76,80
3771,31,47,74,78,82
3772,23,34,56,76,79
3773,27,45,56,76,79
3774,9,42,56,76,81
3775,28,34,56,76,79
3776,20,37,56,76,81
3777,0,32,56,76,79
3778,0,32,56,76,81
3779,27,37,56,76,79
3780,31,47,74,78,82
3781,5,34,56,76,81
3782,3,40,56,76,81
3783,10,32,56,76,79
3784,17,34,56,76,79
3785,12,40,56,77,79
3786,1,41,56,76,79
3787,9,37,56,76,79
3788,9,34,56,76,79
3789,21,37,56,76,80
3790,6,34,56,76,79
3791,28,34,57,76,81
3792,4,34,56,76,81
3793,26,45,56,76,81
3794,3,41,56,76,81
3795,3,37,56,76,79
3796,26,37,56,76,79
3797,19,34,56,76,79
3798,22,34,56,77,81
3799,19,32,56,76,79
3800,11,34,62,76,81
3801,27,40,56,76,79
3802,18,45,62,76,81
3803,10,32,56,76,79
3804,31,47,74,78,82
3805,28,37,56,76,79
3806,21,42,56,77,79
3807,4,42,56,77,79
3808,17,37,56,76,79
3809,6,32,56,76,79
3810,6,34,56,76,79
3811,31,47,74,78,82
3812,6,37,56,76,79
3813,6,45,56,76,79
3814,6,37,56,76,80
3815,0,34,56,76,79
3816,31,47,74,78,82
3817,23,32,56,76,80
3818,10,37,56,76,79
3819,18,34,56,76,79
3820,7,37,56,76,79
3821,10,37,56,76,81
3822,10,37,56,76,79
3823,1,45,56,76,79
3824,27,36,56,76,79
3825,21,32,56,76,79
3826,6,37,56,76,79
3827,26,36,56,76,81
3828,3,42,56,76,79
3829,20,36,56,76,80
3830,31,47,74,78,82
3831,30,34,56,76,81
3832,6,32,56,76,79
3833,14,32,56,76,79
3834,31,47,74,78,82
3835,31,47,74,78,82
3836,25,34,51,76,79
3837,0,32,56,76,79
3838,5,42,56,76,79
3839,9,40,56,76,79
3840,0,32,56,76,81
3841,18,34,56,76,79
3842,31,47,74,78,82
3843,31,47,74,78,82
3844,3,45,56,76,79
3845,27,45,49,76,79
3846,17,42,56,76,81
3847,0,32,56,76,79
3848,31,47,74,78,82
3849,31,47,74,78,82
3850,26,32,56,76,79
3851,10,45,56,76,81
3852,1,37,56,76,79
3853,3,32,56,76,79
3854,14,37,56,76,81
3855,27,42,56,76,81
3856,0,32,56,76,81
3857,21,37,56,76,81
3858,8,34,56,76,80
3859,23,37,56,76,79
3860,27,40,56,76,79
3861,27,42,56,76,79
3862,29,34,56,76,79
3863,25,37,56,76,81
3864,3,34,56,76,79
3865,29,32,56,76,79
3866,18,34,54,76,79
3867,23,37,56,76,79
3868,31,47,74,78,82
3869,31,47,74,78,82
3870,19,37,56,76,81
3871,18,34,56,76,79
3872,8,37,56,76,81
3873,3,42,56,76,81
3874,19,42,56,76,79
3875,31,47,74,78,82
3876,0,32,56,76,79
3877,6,32,56,76,81
3878,31,47,74,78,82
3879,6,37,56,76,81
3880,31,47,74,78,82
3881,27,34,56,76,79
3882,31,47,74,78,82
3883,14,40,56,76,80
3884,15,34,75,76,81
3885,3,37,56,76,79
3886,31,47,74,78,82
3887,27,40,56,76,81
3888,0,45,56,76,80
3889,0,36,56,76,79
3890,25,34,56,76,79
3891,3,42,56,76,79
3892,15,34,56,76,80
3893,27,32,56,76,79
3894,3,32,56,76,81
3895,8,37,56,76,79
3896,21,40,56,76,79
3897,0,37,56,77,80
3898,31,47,74,78,82
3899,3,34,56,76,81
3900,21,37,56,76,79
3901,6,37,56,76,79
3902,6,40,56,76,81
3903,17,32,56,76,79
3904,10,32,56,76,79
3905,0,32,56,76,79
3906,10,32,56,76,81
3907,14,37,56,76,81
3908,0,37,56,77,79
3909,18,34,56,76,81
3910,0,37,56,76,79
3911,31,47,74,78,82
3912,21,45,56,76,79
3913,31,47,74,78,82
3914,4,45,56,77,81
3915,31,47,74,78,82
3916,0,32,56,76,80
3917,10,40,56,76,80
3918,9,34,56,76,81
3919,6,37,56,76,79
3920,3,34,56,76,80
3921,21,34,56,77,79
3922,21,45,56,76,79
